sim_id,variable,GCM,RCM,rcp,ensemble,version,start,end,minimum,maximum
260109,AET,MOHC-HadGEM2-ES,KNMI-RACMO22E,rcp26,r1i1p1,v2,1970-01-01,2099-12-31,170.2,702.8
260109,AET-rotation09,MOHC-HadGEM2-ES,KNMI-RACMO22E,rcp26,r1i1p1,v2,1970-01-01,2099-12-31,7.5,592.9
260109,GWR,MOHC-HadGEM2-ES,KNMI-RACMO22E,rcp26,r1i1p1,v2,1970-01-01,2099-12-31,0,1577.1
260109,GWR-rotation09,MOHC-HadGEM2-ES,KNMI-RACMO22E,rcp26,r1i1p1,v2,1970-01-01,2099-12-31,0,1242
260109,LAI-rotation09,MOHC-HadGEM2-ES,KNMI-RACMO22E,rcp26,r1i1p1,v2,1970-01-01,2099-12-31,0.2,10.1
260109,SL-rotation09,MOHC-HadGEM2-ES,KNMI-RACMO22E,rcp26,r1i1p1,v2,1970-01-01,2099-12-31,58,361
260109,yield-rotation09,MOHC-HadGEM2-ES,KNMI-RACMO22E,rcp26,r1i1p1,v2,1970-01-01,2099-12-31,0,237.609
260110,AET,MOHC-HadGEM2-ES,KNMI-RACMO22E,rcp26,r1i1p1,v2,1970-01-01,2099-12-31,227.2,826.6
260110,AET-rotation10,MOHC-HadGEM2-ES,KNMI-RACMO22E,rcp26,r1i1p1,v2,1970-01-01,2099-12-31,7.5,658.2
260110,GWR,MOHC-HadGEM2-ES,KNMI-RACMO22E,rcp26,r1i1p1,v2,1970-01-01,2099-12-31,0,1546.6
260110,GWR-rotation10,MOHC-HadGEM2-ES,KNMI-RACMO22E,rcp26,r1i1p1,v2,1970-01-01,2099-12-31,0,1242
260110,LAI-rotation10,MOHC-HadGEM2-ES,KNMI-RACMO22E,rcp26,r1i1p1,v2,1970-01-01,2099-12-31,0.1,11.9
260110,SL-rotation10,MOHC-HadGEM2-ES,KNMI-RACMO22E,rcp26,r1i1p1,v2,1970-01-01,2099-12-31,63,355
260110,yield-rotation10,MOHC-HadGEM2-ES,KNMI-RACMO22E,rcp26,r1i1p1,v2,1970-01-01,2099-12-31,0,258.934
260209,AET,MIROC-MIROC5,CLMcom-CCLM4-8-17,rcp26,r1i1p1,v1,1970-01-01,2099-12-31,197.3,653.7
260209,AET-rotation09,MIROC-MIROC5,CLMcom-CCLM4-8-17,rcp26,r1i1p1,v1,1970-01-01,2099-12-31,10.4,529.2
260209,GWR,MIROC-MIROC5,CLMcom-CCLM4-8-17,rcp26,r1i1p1,v1,1970-01-01,2099-12-31,0,1637.3
260209,GWR-rotation09,MIROC-MIROC5,CLMcom-CCLM4-8-17,rcp26,r1i1p1,v1,1970-01-01,2099-12-31,0,1346.1
260209,LAI-rotation09,MIROC-MIROC5,CLMcom-CCLM4-8-17,rcp26,r1i1p1,v1,1970-01-01,2099-12-31,0.3,11.3
260209,SL-rotation09,MIROC-MIROC5,CLMcom-CCLM4-8-17,rcp26,r1i1p1,v1,1970-01-01,2099-12-31,61,361
260209,yield-rotation09,MIROC-MIROC5,CLMcom-CCLM4-8-17,rcp26,r1i1p1,v1,1970-01-01,2099-12-31,0,210.963
260210,AET,MIROC-MIROC5,CLMcom-CCLM4-8-17,rcp26,r1i1p1,v1,1970-01-01,2099-12-31,212.2,751.4
260210,AET-rotation10,MIROC-MIROC5,CLMcom-CCLM4-8-17,rcp26,r1i1p1,v1,1970-01-01,2099-12-31,10.4,594.3
260210,GWR,MIROC-MIROC5,CLMcom-CCLM4-8-17,rcp26,r1i1p1,v1,1970-01-01,2099-12-31,0,1666.5
260210,GWR-rotation10,MIROC-MIROC5,CLMcom-CCLM4-8-17,rcp26,r1i1p1,v1,1970-01-01,2099-12-31,0,1417.7
260210,LAI-rotation10,MIROC-MIROC5,CLMcom-CCLM4-8-17,rcp26,r1i1p1,v1,1970-01-01,2099-12-31,0.2,11.3
260210,SL-rotation10,MIROC-MIROC5,CLMcom-CCLM4-8-17,rcp26,r1i1p1,v1,1970-01-01,2099-12-31,61,355
260210,yield-rotation10,MIROC-MIROC5,CLMcom-CCLM4-8-17,rcp26,r1i1p1,v1,1970-01-01,2099-12-31,0,216.057
260309,AET,ICHEC-EC-EARTH,CLMcom-CCLM4-8-17,rcp26,r12i1p1,v1,1970-01-01,2099-12-31,215.3,643.7
260309,AET-rotation09,ICHEC-EC-EARTH,CLMcom-CCLM4-8-17,rcp26,r12i1p1,v1,1970-01-01,2099-12-31,2.9,551.5
260309,GWR,ICHEC-EC-EARTH,CLMcom-CCLM4-8-17,rcp26,r12i1p1,v1,1970-01-01,2099-12-31,0,1555.2
260309,GWR-rotation09,ICHEC-EC-EARTH,CLMcom-CCLM4-8-17,rcp26,r12i1p1,v1,1970-01-01,2099-12-31,0,1309.5
260309,LAI-rotation09,ICHEC-EC-EARTH,CLMcom-CCLM4-8-17,rcp26,r12i1p1,v1,1970-01-01,2099-12-31,0.1,9.3
260309,SL-rotation09,ICHEC-EC-EARTH,CLMcom-CCLM4-8-17,rcp26,r12i1p1,v1,1970-01-01,2099-12-31,63,361
260309,yield-rotation09,ICHEC-EC-EARTH,CLMcom-CCLM4-8-17,rcp26,r12i1p1,v1,1970-01-01,2099-12-31,0,214.702
260310,AET,ICHEC-EC-EARTH,CLMcom-CCLM4-8-17,rcp26,r12i1p1,v1,1970-01-01,2099-12-31,212.7,750.5
260310,AET-rotation10,ICHEC-EC-EARTH,CLMcom-CCLM4-8-17,rcp26,r12i1p1,v1,1970-01-01,2099-12-31,2.9,646.7
260310,GWR,ICHEC-EC-EARTH,CLMcom-CCLM4-8-17,rcp26,r12i1p1,v1,1970-01-01,2099-12-31,0,1548
260310,GWR-rotation10,ICHEC-EC-EARTH,CLMcom-CCLM4-8-17,rcp26,r12i1p1,v1,1970-01-01,2099-12-31,0,1269.1
260310,LAI-rotation10,ICHEC-EC-EARTH,CLMcom-CCLM4-8-17,rcp26,r12i1p1,v1,1970-01-01,2099-12-31,0.1,11
260310,SL-rotation10,ICHEC-EC-EARTH,CLMcom-CCLM4-8-17,rcp26,r12i1p1,v1,1970-01-01,2099-12-31,61,355
260310,yield-rotation10,ICHEC-EC-EARTH,CLMcom-CCLM4-8-17,rcp26,r12i1p1,v1,1970-01-01,2099-12-31,0,242.995
260409,AET,ICHEC-EC-EARTH,KNMI-RACMO22E,rcp26,r12i1p1,v1,1970-01-01,2099-12-31,235.4,678.1
260409,AET-rotation09,ICHEC-EC-EARTH,KNMI-RACMO22E,rcp26,r12i1p1,v1,1970-01-01,2099-12-31,2.9,572.2
260409,GWR,ICHEC-EC-EARTH,KNMI-RACMO22E,rcp26,r12i1p1,v1,1970-01-01,2099-12-31,0,1558.9
260409,GWR-rotation09,ICHEC-EC-EARTH,KNMI-RACMO22E,rcp26,r12i1p1,v1,1970-01-01,2099-12-31,0,1282
260409,LAI-rotation09,ICHEC-EC-EARTH,KNMI-RACMO22E,rcp26,r12i1p1,v1,1970-01-01,2099-12-31,0.1,10.2
260409,SL-rotation09,ICHEC-EC-EARTH,KNMI-RACMO22E,rcp26,r12i1p1,v1,1970-01-01,2099-12-31,58,361
260409,yield-rotation09,ICHEC-EC-EARTH,KNMI-RACMO22E,rcp26,r12i1p1,v1,1970-01-01,2099-12-31,0,243.608
260410,AET,ICHEC-EC-EARTH,KNMI-RACMO22E,rcp26,r12i1p1,v1,1970-01-01,2099-12-31,219.4,761.3
260410,AET-rotation10,ICHEC-EC-EARTH,KNMI-RACMO22E,rcp26,r12i1p1,v1,1970-01-01,2099-12-31,2.9,615
260410,GWR,ICHEC-EC-EARTH,KNMI-RACMO22E,rcp26,r12i1p1,v1,1970-01-01,2099-12-31,0,1453
260410,GWR-rotation10,ICHEC-EC-EARTH,KNMI-RACMO22E,rcp26,r12i1p1,v1,1970-01-01,2099-12-31,0,1337.1
260410,LAI-rotation10,ICHEC-EC-EARTH,KNMI-RACMO22E,rcp26,r12i1p1,v1,1970-01-01,2099-12-31,0.1,11
260410,SL-rotation10,ICHEC-EC-EARTH,KNMI-RACMO22E,rcp26,r12i1p1,v1,1970-01-01,2099-12-31,62,355
260410,yield-rotation10,ICHEC-EC-EARTH,KNMI-RACMO22E,rcp26,r12i1p1,v1,1970-01-01,2099-12-31,0,231.189
260509,AET,ICHEC-EC-EARTH,SMHI-RCA4,rcp26,r12i1p1,v1,1970-01-01,2099-12-31,197.4,650.5
260509,AET-rotation09,ICHEC-EC-EARTH,SMHI-RCA4,rcp26,r12i1p1,v1,1970-01-01,2099-12-31,1.7,548.4
260509,GWR,ICHEC-EC-EARTH,SMHI-RCA4,rcp26,r12i1p1,v1,1970-01-01,2099-12-31,0,1588
260509,GWR-rotation09,ICHEC-EC-EARTH,SMHI-RCA4,rcp26,r12i1p1,v1,1970-01-01,2099-12-31,0,1549.9
260509,LAI-rotation09,ICHEC-EC-EARTH,SMHI-RCA4,rcp26,r12i1p1,v1,1970-01-01,2099-12-31,0.1,13.3
260509,SL-rotation09,ICHEC-EC-EARTH,SMHI-RCA4,rcp26,r12i1p1,v1,1970-01-01,2099-12-31,60,361
260509,yield-rotation09,ICHEC-EC-EARTH,SMHI-RCA4,rcp26,r12i1p1,v1,1970-01-01,2099-12-31,0,208.76
260510,AET,ICHEC-EC-EARTH,SMHI-RCA4,rcp26,r12i1p1,v1,1970-01-01,2099-12-31,214.8,763.4
260510,AET-rotation10,ICHEC-EC-EARTH,SMHI-RCA4,rcp26,r12i1p1,v1,1970-01-01,2099-12-31,1.7,611.2
260510,GWR,ICHEC-EC-EARTH,SMHI-RCA4,rcp26,r12i1p1,v1,1970-01-01,2099-12-31,0,1650.5
260510,GWR-rotation10,ICHEC-EC-EARTH,SMHI-RCA4,rcp26,r12i1p1,v1,1970-01-01,2099-12-31,0,1368.5
260510,LAI-rotation10,ICHEC-EC-EARTH,SMHI-RCA4,rcp26,r12i1p1,v1,1970-01-01,2099-12-31,0.1,11.2
260510,SL-rotation10,ICHEC-EC-EARTH,SMHI-RCA4,rcp26,r12i1p1,v1,1970-01-01,2099-12-31,60,355
260510,yield-rotation10,ICHEC-EC-EARTH,SMHI-RCA4,rcp26,r12i1p1,v1,1970-01-01,2099-12-31,0,221.406
260609,AET,MOHC-HadGEM2-ES,SMHI-RCA4,rcp26,r1i1p1,v1,1970-01-01,2099-12-31,197.2,681
260609,AET-rotation09,MOHC-HadGEM2-ES,SMHI-RCA4,rcp26,r1i1p1,v1,1970-01-01,2099-12-31,1.8,557.6
260609,GWR,MOHC-HadGEM2-ES,SMHI-RCA4,rcp26,r1i1p1,v1,1970-01-01,2099-12-31,0,1874.7
260609,GWR-rotation09,MOHC-HadGEM2-ES,SMHI-RCA4,rcp26,r1i1p1,v1,1970-01-01,2099-12-31,0,1294.3
260609,LAI-rotation09,MOHC-HadGEM2-ES,SMHI-RCA4,rcp26,r1i1p1,v1,1970-01-01,2099-12-31,0.1,11.5
260609,SL-rotation09,MOHC-HadGEM2-ES,SMHI-RCA4,rcp26,r1i1p1,v1,1970-01-01,2099-12-31,52,361
260609,yield-rotation09,MOHC-HadGEM2-ES,SMHI-RCA4,rcp26,r1i1p1,v1,1970-01-01,2099-12-31,0,212.623
260610,AET,MOHC-HadGEM2-ES,SMHI-RCA4,rcp26,r1i1p1,v1,1970-01-01,2099-12-31,215.7,761.4
260610,AET-rotation10,MOHC-HadGEM2-ES,SMHI-RCA4,rcp26,r1i1p1,v1,1970-01-01,2099-12-31,1.8,627.4
260610,GWR,MOHC-HadGEM2-ES,SMHI-RCA4,rcp26,r1i1p1,v1,1970-01-01,2099-12-31,0,1826
260610,GWR-rotation10,MOHC-HadGEM2-ES,SMHI-RCA4,rcp26,r1i1p1,v1,1970-01-01,2099-12-31,0,1290.5
260610,LAI-rotation10,MOHC-HadGEM2-ES,SMHI-RCA4,rcp26,r1i1p1,v1,1970-01-01,2099-12-31,0.1,11.5
260610,SL-rotation10,MOHC-HadGEM2-ES,SMHI-RCA4,rcp26,r1i1p1,v1,1970-01-01,2099-12-31,52,355
260610,yield-rotation10,MOHC-HadGEM2-ES,SMHI-RCA4,rcp26,r1i1p1,v1,1970-01-01,2099-12-31,0,236.594
260709,AET,MPI-M-MPI-ESM-LR,MPI-CSC-REMO2009,rcp26,r1i1p1,v1,1970-01-01,2099-12-31,242.8,673.2
260709,AET-rotation09,MPI-M-MPI-ESM-LR,MPI-CSC-REMO2009,rcp26,r1i1p1,v1,1970-01-01,2099-12-31,6.1,584.4
260709,GWR,MPI-M-MPI-ESM-LR,MPI-CSC-REMO2009,rcp26,r1i1p1,v1,1970-01-01,2099-12-31,0,1546.4
260709,GWR-rotation09,MPI-M-MPI-ESM-LR,MPI-CSC-REMO2009,rcp26,r1i1p1,v1,1970-01-01,2099-12-31,0,1519.5
260709,LAI-rotation09,MPI-M-MPI-ESM-LR,MPI-CSC-REMO2009,rcp26,r1i1p1,v1,1970-01-01,2099-12-31,0.2,11.4
260709,SL-rotation09,MPI-M-MPI-ESM-LR,MPI-CSC-REMO2009,rcp26,r1i1p1,v1,1970-01-01,2099-12-31,66,361
260709,yield-rotation09,MPI-M-MPI-ESM-LR,MPI-CSC-REMO2009,rcp26,r1i1p1,v1,1970-01-01,2099-12-31,0,225.482
260710,AET,MPI-M-MPI-ESM-LR,MPI-CSC-REMO2009,rcp26,r1i1p1,v1,1970-01-01,2099-12-31,221.5,779.9
260710,AET-rotation10,MPI-M-MPI-ESM-LR,MPI-CSC-REMO2009,rcp26,r1i1p1,v1,1970-01-01,2099-12-31,6.1,607.7
260710,GWR,MPI-M-MPI-ESM-LR,MPI-CSC-REMO2009,rcp26,r1i1p1,v1,1970-01-01,2099-12-31,0,1511.8
260710,GWR-rotation10,MPI-M-MPI-ESM-LR,MPI-CSC-REMO2009,rcp26,r1i1p1,v1,1970-01-01,2099-12-31,0,1519.5
260710,LAI-rotation10,MPI-M-MPI-ESM-LR,MPI-CSC-REMO2009,rcp26,r1i1p1,v1,1970-01-01,2099-12-31,0.2,11.4
260710,SL-rotation10,MPI-M-MPI-ESM-LR,MPI-CSC-REMO2009,rcp26,r1i1p1,v1,1970-01-01,2099-12-31,63,355
260710,yield-rotation10,MPI-M-MPI-ESM-LR,MPI-CSC-REMO2009,rcp26,r1i1p1,v1,1970-01-01,2099-12-31,0,238.095
260809,AET,MPI-M-MPI-ESM-LR,MPI-CSC-REMO2009,rcp26,r2i1p1,v1,1970-01-01,2099-12-31,226.5,669.4
260809,AET-rotation09,MPI-M-MPI-ESM-LR,MPI-CSC-REMO2009,rcp26,r2i1p1,v1,1970-01-01,2099-12-31,6.7,563.8
260809,GWR,MPI-M-MPI-ESM-LR,MPI-CSC-REMO2009,rcp26,r2i1p1,v1,1970-01-01,2099-12-31,0,1387.8
260809,GWR-rotation09,MPI-M-MPI-ESM-LR,MPI-CSC-REMO2009,rcp26,r2i1p1,v1,1970-01-01,2099-12-31,0,1340.6
260809,LAI-rotation09,MPI-M-MPI-ESM-LR,MPI-CSC-REMO2009,rcp26,r2i1p1,v1,1970-01-01,2099-12-31,0.1,11.4
260809,SL-rotation09,MPI-M-MPI-ESM-LR,MPI-CSC-REMO2009,rcp26,r2i1p1,v1,1970-01-01,2099-12-31,63,361
260809,yield-rotation09,MPI-M-MPI-ESM-LR,MPI-CSC-REMO2009,rcp26,r2i1p1,v1,1970-01-01,2099-12-31,0,200.879
260810,AET,MPI-M-MPI-ESM-LR,MPI-CSC-REMO2009,rcp26,r2i1p1,v1,1970-01-01,2099-12-31,220.2,758.1
260810,AET-rotation10,MPI-M-MPI-ESM-LR,MPI-CSC-REMO2009,rcp26,r2i1p1,v1,1970-01-01,2099-12-31,6.7,606.4
260810,GWR,MPI-M-MPI-ESM-LR,MPI-CSC-REMO2009,rcp26,r2i1p1,v1,1970-01-01,2099-12-31,0,1435.6
260810,GWR-rotation10,MPI-M-MPI-ESM-LR,MPI-CSC-REMO2009,rcp26,r2i1p1,v1,1970-01-01,2099-12-31,0,1272
260810,LAI-rotation10,MPI-M-MPI-ESM-LR,MPI-CSC-REMO2009,rcp26,r2i1p1,v1,1970-01-01,2099-12-31,0.1,11.4
260810,SL-rotation10,MPI-M-MPI-ESM-LR,MPI-CSC-REMO2009,rcp26,r2i1p1,v1,1970-01-01,2099-12-31,64,355
260810,yield-rotation10,MPI-M-MPI-ESM-LR,MPI-CSC-REMO2009,rcp26,r2i1p1,v1,1970-01-01,2099-12-31,0,244.924
260909,AET,MPI-M-MPI-ESM-LR,SMHI-RCA4,rcp26,r1i1p1,v1a,1970-01-01,2099-12-31,239.5,691.3
260909,AET-rotation09,MPI-M-MPI-ESM-LR,SMHI-RCA4,rcp26,r1i1p1,v1a,1970-01-01,2099-12-31,7.5,569.3
260909,GWR,MPI-M-MPI-ESM-LR,SMHI-RCA4,rcp26,r1i1p1,v1a,1970-01-01,2099-12-31,0,1842.4
260909,GWR-rotation09,MPI-M-MPI-ESM-LR,SMHI-RCA4,rcp26,r1i1p1,v1a,1970-01-01,2099-12-31,0,1322.4
260909,LAI-rotation09,MPI-M-MPI-ESM-LR,SMHI-RCA4,rcp26,r1i1p1,v1a,1970-01-01,2099-12-31,0.1,10.8
260909,SL-rotation09,MPI-M-MPI-ESM-LR,SMHI-RCA4,rcp26,r1i1p1,v1a,1970-01-01,2099-12-31,52,361
260909,yield-rotation09,MPI-M-MPI-ESM-LR,SMHI-RCA4,rcp26,r1i1p1,v1a,1970-01-01,2099-12-31,0,203.87
260910,AET,MPI-M-MPI-ESM-LR,SMHI-RCA4,rcp26,r1i1p1,v1a,1970-01-01,2099-12-31,236.3,754.4
260910,AET-rotation10,MPI-M-MPI-ESM-LR,SMHI-RCA4,rcp26,r1i1p1,v1a,1970-01-01,2099-12-31,7.5,609.8
260910,GWR,MPI-M-MPI-ESM-LR,SMHI-RCA4,rcp26,r1i1p1,v1a,1970-01-01,2099-12-31,0,1806.7
260910,GWR-rotation10,MPI-M-MPI-ESM-LR,SMHI-RCA4,rcp26,r1i1p1,v1a,1970-01-01,2099-12-31,0,1304.3
260910,LAI-rotation10,MPI-M-MPI-ESM-LR,SMHI-RCA4,rcp26,r1i1p1,v1a,1970-01-01,2099-12-31,0.1,10.8
260910,SL-rotation10,MPI-M-MPI-ESM-LR,SMHI-RCA4,rcp26,r1i1p1,v1a,1970-01-01,2099-12-31,52,355
260910,yield-rotation10,MPI-M-MPI-ESM-LR,SMHI-RCA4,rcp26,r1i1p1,v1a,1970-01-01,2099-12-31,0,212.227
261009,AET,MPI-M-MPI-ESM-LR,UHOH-WRF361H,rcp26,r1i1p1,v1,1970-01-01,2099-12-31,203.6,704.4
261009,AET-rotation09,MPI-M-MPI-ESM-LR,UHOH-WRF361H,rcp26,r1i1p1,v1,1970-01-01,2099-12-31,3.3,573.4
261009,GWR,MPI-M-MPI-ESM-LR,UHOH-WRF361H,rcp26,r1i1p1,v1,1970-01-01,2099-12-31,0,1573.2
261009,GWR-rotation09,MPI-M-MPI-ESM-LR,UHOH-WRF361H,rcp26,r1i1p1,v1,1970-01-01,2099-12-31,0,1276.2
261009,LAI-rotation09,MPI-M-MPI-ESM-LR,UHOH-WRF361H,rcp26,r1i1p1,v1,1970-01-01,2099-12-31,0.1,11.4
261009,SL-rotation09,MPI-M-MPI-ESM-LR,UHOH-WRF361H,rcp26,r1i1p1,v1,1970-01-01,2099-12-31,58,361
261009,yield-rotation09,MPI-M-MPI-ESM-LR,UHOH-WRF361H,rcp26,r1i1p1,v1,1970-01-01,2099-12-31,0,211.82
261010,AET,MPI-M-MPI-ESM-LR,UHOH-WRF361H,rcp26,r1i1p1,v1,1970-01-01,2099-12-31,213.1,760.9
261010,AET-rotation10,MPI-M-MPI-ESM-LR,UHOH-WRF361H,rcp26,r1i1p1,v1,1970-01-01,2099-12-31,3.3,608.2
261010,GWR,MPI-M-MPI-ESM-LR,UHOH-WRF361H,rcp26,r1i1p1,v1,1970-01-01,2099-12-31,0,1559.7
261010,GWR-rotation10,MPI-M-MPI-ESM-LR,UHOH-WRF361H,rcp26,r1i1p1,v1,1970-01-01,2099-12-31,0,1196.3
261010,LAI-rotation10,MPI-M-MPI-ESM-LR,UHOH-WRF361H,rcp26,r1i1p1,v1,1970-01-01,2099-12-31,0.1,11.5
261010,SL-rotation10,MPI-M-MPI-ESM-LR,UHOH-WRF361H,rcp26,r1i1p1,v1,1970-01-01,2099-12-31,58,355
261010,yield-rotation10,MPI-M-MPI-ESM-LR,UHOH-WRF361H,rcp26,r1i1p1,v1,1970-01-01,2099-12-31,0,211.874
450109,AET,ICHEC-EC-EARTH,KNMI-RACMO22E,rcp45,r12i1p1,v1,1970-01-01,2099-12-31,235.6,711.9
450109,AET-rotation09,ICHEC-EC-EARTH,KNMI-RACMO22E,rcp45,r12i1p1,v1,1970-01-01,2099-12-31,4.5,569.7
450109,GWR,ICHEC-EC-EARTH,KNMI-RACMO22E,rcp45,r12i1p1,v1,1970-01-01,2099-12-31,0,1559
450109,GWR-rotation09,ICHEC-EC-EARTH,KNMI-RACMO22E,rcp45,r12i1p1,v1,1970-01-01,2099-12-31,0,1322.6
450109,LAI-rotation09,ICHEC-EC-EARTH,KNMI-RACMO22E,rcp45,r12i1p1,v1,1970-01-01,2099-12-31,0.1,10.2
450109,SL-rotation09,ICHEC-EC-EARTH,KNMI-RACMO22E,rcp45,r12i1p1,v1,1970-01-01,2099-12-31,52,361
450109,yield-rotation09,ICHEC-EC-EARTH,KNMI-RACMO22E,rcp45,r12i1p1,v1,1970-01-01,2099-12-31,0,254.734
450110,AET,ICHEC-EC-EARTH,KNMI-RACMO22E,rcp45,r12i1p1,v1,1970-01-01,2099-12-31,241.7,771.5
450110,AET-rotation10,ICHEC-EC-EARTH,KNMI-RACMO22E,rcp45,r12i1p1,v1,1970-01-01,2099-12-31,4.5,615.7
450110,GWR,ICHEC-EC-EARTH,KNMI-RACMO22E,rcp45,r12i1p1,v1,1970-01-01,2099-12-31,0,1410.5
450110,GWR-rotation10,ICHEC-EC-EARTH,KNMI-RACMO22E,rcp45,r12i1p1,v1,1970-01-01,2099-12-31,0,1337.1
450110,LAI-rotation10,ICHEC-EC-EARTH,KNMI-RACMO22E,rcp45,r12i1p1,v1,1970-01-01,2099-12-31,0.1,11.4
450110,SL-rotation10,ICHEC-EC-EARTH,KNMI-RACMO22E,rcp45,r12i1p1,v1,1970-01-01,2099-12-31,52,355
450110,yield-rotation10,ICHEC-EC-EARTH,KNMI-RACMO22E,rcp45,r12i1p1,v1,1970-01-01,2099-12-31,0,247.062
450209,AET,MOHC-HadGEM2-ES,KNMI-RACMO22E,rcp45,r1i1p1,v2,1970-01-01,2099-11-30,220.4,726.6
450209,AET-rotation09,MOHC-HadGEM2-ES,KNMI-RACMO22E,rcp45,r1i1p1,v2,1970-01-01,2099-11-30,4.7,559.9
450209,GWR,MOHC-HadGEM2-ES,KNMI-RACMO22E,rcp45,r1i1p1,v2,1970-01-01,2099-11-30,0,1485.3
450209,GWR-rotation09,MOHC-HadGEM2-ES,KNMI-RACMO22E,rcp45,r1i1p1,v2,1970-01-01,2099-11-30,0,1386.3
450209,LAI-rotation09,MOHC-HadGEM2-ES,KNMI-RACMO22E,rcp45,r1i1p1,v2,1970-01-01,2099-11-30,0.2,10.1
450209,SL-rotation09,MOHC-HadGEM2-ES,KNMI-RACMO22E,rcp45,r1i1p1,v2,1970-01-01,2099-11-30,42,361
450209,yield-rotation09,MOHC-HadGEM2-ES,KNMI-RACMO22E,rcp45,r1i1p1,v2,1970-01-01,2099-11-30,0,249.299
450210,AET,MOHC-HadGEM2-ES,KNMI-RACMO22E,rcp45,r1i1p1,v2,1970-01-01,2099-11-30,226.9,781
450210,AET-rotation10,MOHC-HadGEM2-ES,KNMI-RACMO22E,rcp45,r1i1p1,v2,1970-01-01,2099-11-30,4.9,618.5
450210,GWR,MOHC-HadGEM2-ES,KNMI-RACMO22E,rcp45,r1i1p1,v2,1970-01-01,2099-11-30,0,1488.3
450210,GWR-rotation10,MOHC-HadGEM2-ES,KNMI-RACMO22E,rcp45,r1i1p1,v2,1970-01-01,2099-11-30,0,1207.3
450210,LAI-rotation10,MOHC-HadGEM2-ES,KNMI-RACMO22E,rcp45,r1i1p1,v2,1970-01-01,2099-11-30,0.2,13.5
450210,SL-rotation10,MOHC-HadGEM2-ES,KNMI-RACMO22E,rcp45,r1i1p1,v2,1970-01-01,2099-11-30,42,355
450210,yield-rotation10,MOHC-HadGEM2-ES,KNMI-RACMO22E,rcp45,r1i1p1,v2,1970-01-01,2099-11-30,0,247.137
450309,AET,MPI-M-MPI-ESM-LR,CLMcom-CCLM4-8-17,rcp45,r1i1p1,v1,1970-01-01,2099-12-31,210.2,657
450309,AET-rotation09,MPI-M-MPI-ESM-LR,CLMcom-CCLM4-8-17,rcp45,r1i1p1,v1,1970-01-01,2099-12-31,8.9,548.2
450309,GWR,MPI-M-MPI-ESM-LR,CLMcom-CCLM4-8-17,rcp45,r1i1p1,v1,1970-01-01,2099-12-31,0,1539.3
450309,GWR-rotation09,MPI-M-MPI-ESM-LR,CLMcom-CCLM4-8-17,rcp45,r1i1p1,v1,1970-01-01,2099-12-31,0,1392.2
450309,LAI-rotation09,MPI-M-MPI-ESM-LR,CLMcom-CCLM4-8-17,rcp45,r1i1p1,v1,1970-01-01,2099-12-31,0.2,16.3
450309,SL-rotation09,MPI-M-MPI-ESM-LR,CLMcom-CCLM4-8-17,rcp45,r1i1p1,v1,1970-01-01,2099-12-31,58,361
450309,yield-rotation09,MPI-M-MPI-ESM-LR,CLMcom-CCLM4-8-17,rcp45,r1i1p1,v1,1970-01-01,2099-12-31,0,238.301
450310,AET,MPI-M-MPI-ESM-LR,CLMcom-CCLM4-8-17,rcp45,r1i1p1,v1,1970-01-01,2099-12-31,223.4,743.5
450310,AET-rotation10,MPI-M-MPI-ESM-LR,CLMcom-CCLM4-8-17,rcp45,r1i1p1,v1,1970-01-01,2099-12-31,9.4,624
450310,GWR,MPI-M-MPI-ESM-LR,CLMcom-CCLM4-8-17,rcp45,r1i1p1,v1,1970-01-01,2099-12-31,0,1526.8
450310,GWR-rotation10,MPI-M-MPI-ESM-LR,CLMcom-CCLM4-8-17,rcp45,r1i1p1,v1,1970-01-01,2099-12-31,0,1340.7
450310,LAI-rotation10,MPI-M-MPI-ESM-LR,CLMcom-CCLM4-8-17,rcp45,r1i1p1,v1,1970-01-01,2099-12-31,0.2,16.3
450310,SL-rotation10,MPI-M-MPI-ESM-LR,CLMcom-CCLM4-8-17,rcp45,r1i1p1,v1,1970-01-01,2099-12-31,63,355
450310,yield-rotation10,MPI-M-MPI-ESM-LR,CLMcom-CCLM4-8-17,rcp45,r1i1p1,v1,1970-01-01,2099-12-31,0,230.004
450409,AET,ICHEC-EC-EARTH,CLMcom-CCLM4-8-17,rcp45,r12i1p1,v1,1970-01-01,2099-12-31,230.2,674.1
450409,AET-rotation09,ICHEC-EC-EARTH,CLMcom-CCLM4-8-17,rcp45,r12i1p1,v1,1970-01-01,2099-12-31,2.5,549.4
450409,GWR,ICHEC-EC-EARTH,CLMcom-CCLM4-8-17,rcp45,r12i1p1,v1,1970-01-01,2099-12-31,0,1555.2
450409,GWR-rotation09,ICHEC-EC-EARTH,CLMcom-CCLM4-8-17,rcp45,r12i1p1,v1,1970-01-01,2099-12-31,0,1330.7
450409,LAI-rotation09,ICHEC-EC-EARTH,CLMcom-CCLM4-8-17,rcp45,r12i1p1,v1,1970-01-01,2099-12-31,0.1,15.3
450409,SL-rotation09,ICHEC-EC-EARTH,CLMcom-CCLM4-8-17,rcp45,r12i1p1,v1,1970-01-01,2099-12-31,52,361
450409,yield-rotation09,ICHEC-EC-EARTH,CLMcom-CCLM4-8-17,rcp45,r12i1p1,v1,1970-01-01,2099-12-31,0,240.878
450410,AET,ICHEC-EC-EARTH,CLMcom-CCLM4-8-17,rcp45,r12i1p1,v1,1970-01-01,2099-12-31,218.5,746.5
450410,AET-rotation10,ICHEC-EC-EARTH,CLMcom-CCLM4-8-17,rcp45,r12i1p1,v1,1970-01-01,2099-12-31,2.5,616.7
450410,GWR,ICHEC-EC-EARTH,CLMcom-CCLM4-8-17,rcp45,r12i1p1,v1,1970-01-01,2099-12-31,0,1531.1
450410,GWR-rotation10,ICHEC-EC-EARTH,CLMcom-CCLM4-8-17,rcp45,r12i1p1,v1,1970-01-01,2099-12-31,0,1362.8
450410,LAI-rotation10,ICHEC-EC-EARTH,CLMcom-CCLM4-8-17,rcp45,r12i1p1,v1,1970-01-01,2099-12-31,0.1,15.3
450410,SL-rotation10,ICHEC-EC-EARTH,CLMcom-CCLM4-8-17,rcp45,r12i1p1,v1,1970-01-01,2099-12-31,52,355
450410,yield-rotation10,ICHEC-EC-EARTH,CLMcom-CCLM4-8-17,rcp45,r12i1p1,v1,1970-01-01,2099-12-31,0,233.405
450509,AET,ICHEC-EC-EARTH,KNMI-RACMO22E,rcp45,r1i1p1,v1,1970-01-01,2099-12-31,219.4,675.6
450509,AET-rotation09,ICHEC-EC-EARTH,KNMI-RACMO22E,rcp45,r1i1p1,v1,1970-01-01,2099-12-31,7.5,543.5
450509,GWR,ICHEC-EC-EARTH,KNMI-RACMO22E,rcp45,r1i1p1,v1,1970-01-01,2099-12-31,0,1483.5
450509,GWR-rotation09,ICHEC-EC-EARTH,KNMI-RACMO22E,rcp45,r1i1p1,v1,1970-01-01,2099-12-31,0,1234.8
450509,LAI-rotation09,ICHEC-EC-EARTH,KNMI-RACMO22E,rcp45,r1i1p1,v1,1970-01-01,2099-12-31,0.4,9.5
450509,SL-rotation09,ICHEC-EC-EARTH,KNMI-RACMO22E,rcp45,r1i1p1,v1,1970-01-01,2099-12-31,66,361
450509,yield-rotation09,ICHEC-EC-EARTH,KNMI-RACMO22E,rcp45,r1i1p1,v1,1970-01-01,2099-12-31,0,265.494
450510,AET,ICHEC-EC-EARTH,KNMI-RACMO22E,rcp45,r1i1p1,v1,1970-01-01,2099-12-31,217.5,793
450510,AET-rotation10,ICHEC-EC-EARTH,KNMI-RACMO22E,rcp45,r1i1p1,v1,1970-01-01,2099-12-31,7.5,609.5
450510,GWR,ICHEC-EC-EARTH,KNMI-RACMO22E,rcp45,r1i1p1,v1,1970-01-01,2099-12-31,0,1426.7
450510,GWR-rotation10,ICHEC-EC-EARTH,KNMI-RACMO22E,rcp45,r1i1p1,v1,1970-01-01,2099-12-31,0,1227.3
450510,LAI-rotation10,ICHEC-EC-EARTH,KNMI-RACMO22E,rcp45,r1i1p1,v1,1970-01-01,2099-12-31,0.2,13
450510,SL-rotation10,ICHEC-EC-EARTH,KNMI-RACMO22E,rcp45,r1i1p1,v1,1970-01-01,2099-12-31,57,355
450510,yield-rotation10,ICHEC-EC-EARTH,KNMI-RACMO22E,rcp45,r1i1p1,v1,1970-01-01,2099-12-31,0,240.308
450609,AET,ICHEC-EC-EARTH,SMHI-RCA4,rcp45,r12i1p1,v1,1970-01-01,2099-12-31,197.1,690.5
450609,AET-rotation09,ICHEC-EC-EARTH,SMHI-RCA4,rcp45,r12i1p1,v1,1970-01-01,2099-12-31,3.9,569.3
450609,GWR,ICHEC-EC-EARTH,SMHI-RCA4,rcp45,r12i1p1,v1,1970-01-01,2099-12-31,0,1490.4
450609,GWR-rotation09,ICHEC-EC-EARTH,SMHI-RCA4,rcp45,r12i1p1,v1,1970-01-01,2099-12-31,0,1311.2
450609,LAI-rotation09,ICHEC-EC-EARTH,SMHI-RCA4,rcp45,r12i1p1,v1,1970-01-01,2099-12-31,0.1,15.2
450609,SL-rotation09,ICHEC-EC-EARTH,SMHI-RCA4,rcp45,r12i1p1,v1,1970-01-01,2099-12-31,52,361
450609,yield-rotation09,ICHEC-EC-EARTH,SMHI-RCA4,rcp45,r12i1p1,v1,1970-01-01,2099-12-31,0,228.283
450610,AET,ICHEC-EC-EARTH,SMHI-RCA4,rcp45,r12i1p1,v1,1970-01-01,2099-12-31,214.9,759.5
450610,AET-rotation10,ICHEC-EC-EARTH,SMHI-RCA4,rcp45,r12i1p1,v1,1970-01-01,2099-12-31,3.9,612.9
450610,GWR,ICHEC-EC-EARTH,SMHI-RCA4,rcp45,r12i1p1,v1,1970-01-01,2099-12-31,0,1488.2
450610,GWR-rotation10,ICHEC-EC-EARTH,SMHI-RCA4,rcp45,r12i1p1,v1,1970-01-01,2099-12-31,0,1311.2
450610,LAI-rotation10,ICHEC-EC-EARTH,SMHI-RCA4,rcp45,r12i1p1,v1,1970-01-01,2099-12-31,0.1,15.2
450610,SL-rotation10,ICHEC-EC-EARTH,SMHI-RCA4,rcp45,r12i1p1,v1,1970-01-01,2099-12-31,52,355
450610,yield-rotation10,ICHEC-EC-EARTH,SMHI-RCA4,rcp45,r12i1p1,v1,1970-01-01,2099-12-31,0,231.662
450709,AET,IPSL-IPSL-CM5A-MR,SMHI-RCA4,rcp45,r1i1p1,v1,1970-01-01,2099-12-31,180.3,701.5
450709,AET-rotation09,IPSL-IPSL-CM5A-MR,SMHI-RCA4,rcp45,r1i1p1,v1,1970-01-01,2099-12-31,7.7,567.8
450709,GWR,IPSL-IPSL-CM5A-MR,SMHI-RCA4,rcp45,r1i1p1,v1,1970-01-01,2099-12-31,0,1378.1
450709,GWR-rotation09,IPSL-IPSL-CM5A-MR,SMHI-RCA4,rcp45,r1i1p1,v1,1970-01-01,2099-12-31,0,1303.6
450709,LAI-rotation09,IPSL-IPSL-CM5A-MR,SMHI-RCA4,rcp45,r1i1p1,v1,1970-01-01,2099-12-31,0.3,10.4
450709,SL-rotation09,IPSL-IPSL-CM5A-MR,SMHI-RCA4,rcp45,r1i1p1,v1,1970-01-01,2099-12-31,57,361
450709,yield-rotation09,IPSL-IPSL-CM5A-MR,SMHI-RCA4,rcp45,r1i1p1,v1,1970-01-01,2099-12-31,0,236.383
450710,AET,IPSL-IPSL-CM5A-MR,SMHI-RCA4,rcp45,r1i1p1,v1,1970-01-01,2099-12-31,179.3,789.7
450710,AET-rotation10,IPSL-IPSL-CM5A-MR,SMHI-RCA4,rcp45,r1i1p1,v1,1970-01-01,2099-12-31,7.7,595.3
450710,GWR,IPSL-IPSL-CM5A-MR,SMHI-RCA4,rcp45,r1i1p1,v1,1970-01-01,2099-12-31,0,1410.2
450710,GWR-rotation10,IPSL-IPSL-CM5A-MR,SMHI-RCA4,rcp45,r1i1p1,v1,1970-01-01,2099-12-31,0,1214.7
450710,LAI-rotation10,IPSL-IPSL-CM5A-MR,SMHI-RCA4,rcp45,r1i1p1,v1,1970-01-01,2099-12-31,0.3,11
450710,SL-rotation10,IPSL-IPSL-CM5A-MR,SMHI-RCA4,rcp45,r1i1p1,v1,1970-01-01,2099-12-31,59,355
450710,yield-rotation10,IPSL-IPSL-CM5A-MR,SMHI-RCA4,rcp45,r1i1p1,v1,1970-01-01,2099-12-31,0,229.253
450809,AET,MOHC-HadGEM2-ES,CLMcom-CCLM4-8-17,rcp45,r1i1p1,v1,1970-01-01,2099-11-30,191.3,670.6
450809,AET-rotation09,MOHC-HadGEM2-ES,CLMcom-CCLM4-8-17,rcp45,r1i1p1,v1,1970-01-01,2099-11-30,4.3,546.4
450809,GWR,MOHC-HadGEM2-ES,CLMcom-CCLM4-8-17,rcp45,r1i1p1,v1,1970-01-01,2099-11-30,0,1602
450809,GWR-rotation09,MOHC-HadGEM2-ES,CLMcom-CCLM4-8-17,rcp45,r1i1p1,v1,1970-01-01,2099-11-30,0,1398.2
450809,LAI-rotation09,MOHC-HadGEM2-ES,CLMcom-CCLM4-8-17,rcp45,r1i1p1,v1,1970-01-01,2099-11-30,0.1,10.8
450809,SL-rotation09,MOHC-HadGEM2-ES,CLMcom-CCLM4-8-17,rcp45,r1i1p1,v1,1970-01-01,2099-11-30,61,361
450809,yield-rotation09,MOHC-HadGEM2-ES,CLMcom-CCLM4-8-17,rcp45,r1i1p1,v1,1970-01-01,2099-11-30,0,227.156
450810,AET,MOHC-HadGEM2-ES,CLMcom-CCLM4-8-17,rcp45,r1i1p1,v1,1970-01-01,2099-11-30,206.7,764.4
450810,AET-rotation10,MOHC-HadGEM2-ES,CLMcom-CCLM4-8-17,rcp45,r1i1p1,v1,1970-01-01,2099-11-30,3.7,620.9
450810,GWR,MOHC-HadGEM2-ES,CLMcom-CCLM4-8-17,rcp45,r1i1p1,v1,1970-01-01,2099-11-30,0,1715.4
450810,GWR-rotation10,MOHC-HadGEM2-ES,CLMcom-CCLM4-8-17,rcp45,r1i1p1,v1,1970-01-01,2099-11-30,0,1306
450810,LAI-rotation10,MOHC-HadGEM2-ES,CLMcom-CCLM4-8-17,rcp45,r1i1p1,v1,1970-01-01,2099-11-30,0.1,12
450810,SL-rotation10,MOHC-HadGEM2-ES,CLMcom-CCLM4-8-17,rcp45,r1i1p1,v1,1970-01-01,2099-11-30,61,355
450810,yield-rotation10,MOHC-HadGEM2-ES,CLMcom-CCLM4-8-17,rcp45,r1i1p1,v1,1970-01-01,2099-11-30,0,231.293
450909,AET,MOHC-HadGEM2-ES,SMHI-RCA4,rcp45,r1i1p1,v1,1970-01-01,2099-11-30,197.4,698.1
450909,AET-rotation09,MOHC-HadGEM2-ES,SMHI-RCA4,rcp45,r1i1p1,v1,1970-01-01,2099-11-30,6.2,567.3
450909,GWR,MOHC-HadGEM2-ES,SMHI-RCA4,rcp45,r1i1p1,v1,1970-01-01,2099-11-30,0,1543.1
450909,GWR-rotation09,MOHC-HadGEM2-ES,SMHI-RCA4,rcp45,r1i1p1,v1,1970-01-01,2099-11-30,0,1390.5
450909,LAI-rotation09,MOHC-HadGEM2-ES,SMHI-RCA4,rcp45,r1i1p1,v1,1970-01-01,2099-11-30,0.2,12.8
450909,SL-rotation09,MOHC-HadGEM2-ES,SMHI-RCA4,rcp45,r1i1p1,v1,1970-01-01,2099-11-30,58,361
450909,yield-rotation09,MOHC-HadGEM2-ES,SMHI-RCA4,rcp45,r1i1p1,v1,1970-01-01,2099-11-30,0,224.965
450910,AET,MOHC-HadGEM2-ES,SMHI-RCA4,rcp45,r1i1p1,v1,1970-01-01,2099-11-30,215.4,771.4
450910,AET-rotation10,MOHC-HadGEM2-ES,SMHI-RCA4,rcp45,r1i1p1,v1,1970-01-01,2099-11-30,5.9,622.1
450910,GWR,MOHC-HadGEM2-ES,SMHI-RCA4,rcp45,r1i1p1,v1,1970-01-01,2099-11-30,0,1471.5
450910,GWR-rotation10,MOHC-HadGEM2-ES,SMHI-RCA4,rcp45,r1i1p1,v1,1970-01-01,2099-11-30,0,1292
450910,LAI-rotation10,MOHC-HadGEM2-ES,SMHI-RCA4,rcp45,r1i1p1,v1,1970-01-01,2099-11-30,0.2,12.8
450910,SL-rotation10,MOHC-HadGEM2-ES,SMHI-RCA4,rcp45,r1i1p1,v1,1970-01-01,2099-11-30,58,355
450910,yield-rotation10,MOHC-HadGEM2-ES,SMHI-RCA4,rcp45,r1i1p1,v1,1970-01-01,2099-11-30,0,234.609
451009,AET,MPI-M-MPI-ESM-LR,MPI-CSC-REMO2009,rcp45,r1i1p1,v1,1970-01-01,2099-12-31,206.5,674
451009,AET-rotation09,MPI-M-MPI-ESM-LR,MPI-CSC-REMO2009,rcp45,r1i1p1,v1,1970-01-01,2099-12-31,10.2,557.7
451009,GWR,MPI-M-MPI-ESM-LR,MPI-CSC-REMO2009,rcp45,r1i1p1,v1,1970-01-01,2099-12-31,0,1657.2
451009,GWR-rotation09,MPI-M-MPI-ESM-LR,MPI-CSC-REMO2009,rcp45,r1i1p1,v1,1970-01-01,2099-12-31,0,1428.1
451009,LAI-rotation09,MPI-M-MPI-ESM-LR,MPI-CSC-REMO2009,rcp45,r1i1p1,v1,1970-01-01,2099-12-31,0,13
451009,SL-rotation09,MPI-M-MPI-ESM-LR,MPI-CSC-REMO2009,rcp45,r1i1p1,v1,1970-01-01,2099-12-31,66,361
451009,yield-rotation09,MPI-M-MPI-ESM-LR,MPI-CSC-REMO2009,rcp45,r1i1p1,v1,1970-01-01,2099-12-31,0,240.03
451010,AET,MPI-M-MPI-ESM-LR,MPI-CSC-REMO2009,rcp45,r1i1p1,v1,1970-01-01,2099-12-31,209.4,747.5
451010,AET-rotation10,MPI-M-MPI-ESM-LR,MPI-CSC-REMO2009,rcp45,r1i1p1,v1,1970-01-01,2099-12-31,10.2,603.7
451010,GWR,MPI-M-MPI-ESM-LR,MPI-CSC-REMO2009,rcp45,r1i1p1,v1,1970-01-01,2099-12-31,0,1671.2
451010,GWR-rotation10,MPI-M-MPI-ESM-LR,MPI-CSC-REMO2009,rcp45,r1i1p1,v1,1970-01-01,2099-12-31,0,1516.7
451010,LAI-rotation10,MPI-M-MPI-ESM-LR,MPI-CSC-REMO2009,rcp45,r1i1p1,v1,1970-01-01,2099-12-31,0.1,13
451010,SL-rotation10,MPI-M-MPI-ESM-LR,MPI-CSC-REMO2009,rcp45,r1i1p1,v1,1970-01-01,2099-12-31,63,355
451010,yield-rotation10,MPI-M-MPI-ESM-LR,MPI-CSC-REMO2009,rcp45,r1i1p1,v1,1970-01-01,2099-12-31,0,237.806
451109,AET,MPI-M-MPI-ESM-LR,MPI-CSC-REMO2009,rcp45,r2i1p1,v1,1970-01-01,2099-12-31,218,660.7
451109,AET-rotation09,MPI-M-MPI-ESM-LR,MPI-CSC-REMO2009,rcp45,r2i1p1,v1,1970-01-01,2099-12-31,6.5,547.1
451109,GWR,MPI-M-MPI-ESM-LR,MPI-CSC-REMO2009,rcp45,r2i1p1,v1,1970-01-01,2099-12-31,0,1366.5
451109,GWR-rotation09,MPI-M-MPI-ESM-LR,MPI-CSC-REMO2009,rcp45,r2i1p1,v1,1970-01-01,2099-12-31,0,1309.6
451109,LAI-rotation09,MPI-M-MPI-ESM-LR,MPI-CSC-REMO2009,rcp45,r2i1p1,v1,1970-01-01,2099-12-31,0.1,10.2
451109,SL-rotation09,MPI-M-MPI-ESM-LR,MPI-CSC-REMO2009,rcp45,r2i1p1,v1,1970-01-01,2099-12-31,61,361
451109,yield-rotation09,MPI-M-MPI-ESM-LR,MPI-CSC-REMO2009,rcp45,r2i1p1,v1,1970-01-01,2099-12-31,0,237.53
451110,AET,MPI-M-MPI-ESM-LR,MPI-CSC-REMO2009,rcp45,r2i1p1,v1,1970-01-01,2099-12-31,193.9,742.3
451110,AET-rotation10,MPI-M-MPI-ESM-LR,MPI-CSC-REMO2009,rcp45,r2i1p1,v1,1970-01-01,2099-12-31,6.5,603.3
451110,GWR,MPI-M-MPI-ESM-LR,MPI-CSC-REMO2009,rcp45,r2i1p1,v1,1970-01-01,2099-12-31,0,1435.5
451110,GWR-rotation10,MPI-M-MPI-ESM-LR,MPI-CSC-REMO2009,rcp45,r2i1p1,v1,1970-01-01,2099-12-31,0,1298.5
451110,LAI-rotation10,MPI-M-MPI-ESM-LR,MPI-CSC-REMO2009,rcp45,r2i1p1,v1,1970-01-01,2099-12-31,0.1,12.1
451110,SL-rotation10,MPI-M-MPI-ESM-LR,MPI-CSC-REMO2009,rcp45,r2i1p1,v1,1970-01-01,2099-12-31,59,355
451110,yield-rotation10,MPI-M-MPI-ESM-LR,MPI-CSC-REMO2009,rcp45,r2i1p1,v1,1970-01-01,2099-12-31,0,234.331
451209,AET,MPI-M-MPI-ESM-LR,SMHI-RCA4,rcp45,r1i1p1,v1a,1970-01-01,2099-12-31,215.3,719.3
451209,AET-rotation09,MPI-M-MPI-ESM-LR,SMHI-RCA4,rcp45,r1i1p1,v1a,1970-01-01,2099-12-31,8.1,588.9
451209,GWR,MPI-M-MPI-ESM-LR,SMHI-RCA4,rcp45,r1i1p1,v1a,1970-01-01,2099-12-31,0,1757.6
451209,GWR-rotation09,MPI-M-MPI-ESM-LR,SMHI-RCA4,rcp45,r1i1p1,v1a,1970-01-01,2099-12-31,0,1394.3
451209,LAI-rotation09,MPI-M-MPI-ESM-LR,SMHI-RCA4,rcp45,r1i1p1,v1a,1970-01-01,2099-12-31,0.2,11.5
451209,SL-rotation09,MPI-M-MPI-ESM-LR,SMHI-RCA4,rcp45,r1i1p1,v1a,1970-01-01,2099-12-31,65,361
451209,yield-rotation09,MPI-M-MPI-ESM-LR,SMHI-RCA4,rcp45,r1i1p1,v1a,1970-01-01,2099-12-31,0,249.708
451210,AET,MPI-M-MPI-ESM-LR,SMHI-RCA4,rcp45,r1i1p1,v1a,1970-01-01,2099-12-31,207.8,775.1
451210,AET-rotation10,MPI-M-MPI-ESM-LR,SMHI-RCA4,rcp45,r1i1p1,v1a,1970-01-01,2099-12-31,8.1,609.8
451210,GWR,MPI-M-MPI-ESM-LR,SMHI-RCA4,rcp45,r1i1p1,v1a,1970-01-01,2099-12-31,0,1650.5
451210,GWR-rotation10,MPI-M-MPI-ESM-LR,SMHI-RCA4,rcp45,r1i1p1,v1a,1970-01-01,2099-12-31,0,1316.8
451210,LAI-rotation10,MPI-M-MPI-ESM-LR,SMHI-RCA4,rcp45,r1i1p1,v1a,1970-01-01,2099-12-31,0.2,11.5
451210,SL-rotation10,MPI-M-MPI-ESM-LR,SMHI-RCA4,rcp45,r1i1p1,v1a,1970-01-01,2099-12-31,55,355
451210,yield-rotation10,MPI-M-MPI-ESM-LR,SMHI-RCA4,rcp45,r1i1p1,v1a,1970-01-01,2099-12-31,0,234.272
850109,AET,MIROC-MIROC5,CLMcom-CCLM4-8-17,rcp85,r1i1p1,v1,1970-01-01,2099-12-31,196.7,649.5
850109,AET-rotation09,MIROC-MIROC5,CLMcom-CCLM4-8-17,rcp85,r1i1p1,v1,1970-01-01,2099-12-31,2.3,532.4
850109,GWR,MIROC-MIROC5,CLMcom-CCLM4-8-17,rcp85,r1i1p1,v1,1970-01-01,2099-12-31,0,1637.9
850109,GWR-rotation09,MIROC-MIROC5,CLMcom-CCLM4-8-17,rcp85,r1i1p1,v1,1970-01-01,2099-12-31,0,1191.6
850109,LAI-rotation09,MIROC-MIROC5,CLMcom-CCLM4-8-17,rcp85,r1i1p1,v1,1970-01-01,2099-12-31,0.1,11.3
850109,SL-rotation09,MIROC-MIROC5,CLMcom-CCLM4-8-17,rcp85,r1i1p1,v1,1970-01-01,2099-12-31,56,361
850109,yield-rotation09,MIROC-MIROC5,CLMcom-CCLM4-8-17,rcp85,r1i1p1,v1,1970-01-01,2099-12-31,0,253.009
850110,AET,MIROC-MIROC5,CLMcom-CCLM4-8-17,rcp85,r1i1p1,v1,1970-01-01,2099-12-31,210.2,721.5
850110,AET-rotation10,MIROC-MIROC5,CLMcom-CCLM4-8-17,rcp85,r1i1p1,v1,1970-01-01,2099-12-31,2.3,599.6
850110,GWR,MIROC-MIROC5,CLMcom-CCLM4-8-17,rcp85,r1i1p1,v1,1970-01-01,2099-12-31,0,1667.5
850110,GWR-rotation10,MIROC-MIROC5,CLMcom-CCLM4-8-17,rcp85,r1i1p1,v1,1970-01-01,2099-12-31,0,1419.1
850110,LAI-rotation10,MIROC-MIROC5,CLMcom-CCLM4-8-17,rcp85,r1i1p1,v1,1970-01-01,2099-12-31,0.1,12.5
850110,SL-rotation10,MIROC-MIROC5,CLMcom-CCLM4-8-17,rcp85,r1i1p1,v1,1970-01-01,2099-12-31,56,355
850110,yield-rotation10,MIROC-MIROC5,CLMcom-CCLM4-8-17,rcp85,r1i1p1,v1,1970-01-01,2099-12-31,0,235.1
850209,AET,MOHC-HadGEM2-ES,KNMI-RACMO22E,rcp85,r1i1p1,v2,1970-01-01,2099-12-31,219.9,729.8
850209,AET-rotation09,MOHC-HadGEM2-ES,KNMI-RACMO22E,rcp85,r1i1p1,v2,1970-01-01,2099-12-31,6.2,564.6
850209,GWR,MOHC-HadGEM2-ES,KNMI-RACMO22E,rcp85,r1i1p1,v2,1970-01-01,2099-12-31,0,1591.9
850209,GWR-rotation09,MOHC-HadGEM2-ES,KNMI-RACMO22E,rcp85,r1i1p1,v2,1970-01-01,2099-12-31,0,1395.8
850209,LAI-rotation09,MOHC-HadGEM2-ES,KNMI-RACMO22E,rcp85,r1i1p1,v2,1970-01-01,2099-12-31,0.3,10.8
850209,SL-rotation09,MOHC-HadGEM2-ES,KNMI-RACMO22E,rcp85,r1i1p1,v2,1970-01-01,2099-12-31,57,361
850209,yield-rotation09,MOHC-HadGEM2-ES,KNMI-RACMO22E,rcp85,r1i1p1,v2,1970-01-01,2099-12-31,0,298.9
850210,AET,MOHC-HadGEM2-ES,KNMI-RACMO22E,rcp85,r1i1p1,v2,1970-01-01,2099-12-31,217.8,800.3
850210,AET-rotation10,MOHC-HadGEM2-ES,KNMI-RACMO22E,rcp85,r1i1p1,v2,1970-01-01,2099-12-31,6.2,626.8
850210,GWR,MOHC-HadGEM2-ES,KNMI-RACMO22E,rcp85,r1i1p1,v2,1970-01-01,2099-12-31,0,1701.8
850210,GWR-rotation10,MOHC-HadGEM2-ES,KNMI-RACMO22E,rcp85,r1i1p1,v2,1970-01-01,2099-12-31,0,1486.6
850210,LAI-rotation10,MOHC-HadGEM2-ES,KNMI-RACMO22E,rcp85,r1i1p1,v2,1970-01-01,2099-12-31,0.3,12.7
850210,SL-rotation10,MOHC-HadGEM2-ES,KNMI-RACMO22E,rcp85,r1i1p1,v2,1970-01-01,2099-12-31,62,355
850210,yield-rotation10,MOHC-HadGEM2-ES,KNMI-RACMO22E,rcp85,r1i1p1,v2,1970-01-01,2099-12-31,0,250.086
850309,AET,CCCma-CanESM2,CLMcom-CCLM4-8-17,rcp85,r1i1p1,v1,1970-01-01,2099-12-31,130,670.8
850309,AET-rotation09,CCCma-CanESM2,CLMcom-CCLM4-8-17,rcp85,r1i1p1,v1,1970-01-01,2099-12-31,4.8,590.1
850309,GWR,CCCma-CanESM2,CLMcom-CCLM4-8-17,rcp85,r1i1p1,v1,1970-01-01,2099-12-31,0,1602.3
850309,GWR-rotation09,CCCma-CanESM2,CLMcom-CCLM4-8-17,rcp85,r1i1p1,v1,1970-01-01,2099-12-31,0,1290
850309,LAI-rotation09,CCCma-CanESM2,CLMcom-CCLM4-8-17,rcp85,r1i1p1,v1,1970-01-01,2099-12-31,0.6,9.5
850309,SL-rotation09,CCCma-CanESM2,CLMcom-CCLM4-8-17,rcp85,r1i1p1,v1,1970-01-01,2099-12-31,59,361
850309,yield-rotation09,CCCma-CanESM2,CLMcom-CCLM4-8-17,rcp85,r1i1p1,v1,1970-01-01,2099-12-31,0,274.165
850310,AET,CCCma-CanESM2,CLMcom-CCLM4-8-17,rcp85,r1i1p1,v1,1970-01-01,2099-12-31,187.9,720.5
850310,AET-rotation10,CCCma-CanESM2,CLMcom-CCLM4-8-17,rcp85,r1i1p1,v1,1970-01-01,2099-12-31,4.9,591.1
850310,GWR,CCCma-CanESM2,CLMcom-CCLM4-8-17,rcp85,r1i1p1,v1,1970-01-01,2099-12-31,0,1656.4
850310,GWR-rotation10,CCCma-CanESM2,CLMcom-CCLM4-8-17,rcp85,r1i1p1,v1,1970-01-01,2099-12-31,0,1270.8
850310,LAI-rotation10,CCCma-CanESM2,CLMcom-CCLM4-8-17,rcp85,r1i1p1,v1,1970-01-01,2099-12-31,0.4,13.4
850310,SL-rotation10,CCCma-CanESM2,CLMcom-CCLM4-8-17,rcp85,r1i1p1,v1,1970-01-01,2099-12-31,52,355
850310,yield-rotation10,CCCma-CanESM2,CLMcom-CCLM4-8-17,rcp85,r1i1p1,v1,1970-01-01,2099-12-31,0,227.158
850409,AET,CCCma-CanESM2,GERICS-REMO2015,rcp85,r1i1p1,v1,1970-01-01,2099-12-31,241.1,692.6
850409,AET-rotation09,CCCma-CanESM2,GERICS-REMO2015,rcp85,r1i1p1,v1,1970-01-01,2099-12-31,9.3,537.2
850409,GWR,CCCma-CanESM2,GERICS-REMO2015,rcp85,r1i1p1,v1,1970-01-01,2099-12-31,0,1594.3
850409,GWR-rotation09,CCCma-CanESM2,GERICS-REMO2015,rcp85,r1i1p1,v1,1970-01-01,2099-12-31,0,1609.9
850409,LAI-rotation09,CCCma-CanESM2,GERICS-REMO2015,rcp85,r1i1p1,v1,1970-01-01,2099-12-31,0.6,9.9
850409,SL-rotation09,CCCma-CanESM2,GERICS-REMO2015,rcp85,r1i1p1,v1,1970-01-01,2099-12-31,59,361
850409,yield-rotation09,CCCma-CanESM2,GERICS-REMO2015,rcp85,r1i1p1,v1,1970-01-01,2099-12-31,0,255.271
850410,AET,CCCma-CanESM2,GERICS-REMO2015,rcp85,r1i1p1,v1,1970-01-01,2099-12-31,218.9,752.6
850410,AET-rotation10,CCCma-CanESM2,GERICS-REMO2015,rcp85,r1i1p1,v1,1970-01-01,2099-12-31,9.5,590.9
850410,GWR,CCCma-CanESM2,GERICS-REMO2015,rcp85,r1i1p1,v1,1970-01-01,2099-12-31,0,1647.1
850410,GWR-rotation10,CCCma-CanESM2,GERICS-REMO2015,rcp85,r1i1p1,v1,1970-01-01,2099-12-31,0,1528.8
850410,LAI-rotation10,CCCma-CanESM2,GERICS-REMO2015,rcp85,r1i1p1,v1,1970-01-01,2099-12-31,0.3,12.3
850410,SL-rotation10,CCCma-CanESM2,GERICS-REMO2015,rcp85,r1i1p1,v1,1970-01-01,2099-12-31,60,355
850410,yield-rotation10,CCCma-CanESM2,GERICS-REMO2015,rcp85,r1i1p1,v1,1970-01-01,2099-12-31,0,239.565
850509,AET,ICHEC-EC-EARTH,CLMcom-CCLM4-8-17,rcp85,r12i1p1,v1,1970-01-01,2099-12-31,213.1,653
850509,AET-rotation09,ICHEC-EC-EARTH,CLMcom-CCLM4-8-17,rcp85,r12i1p1,v1,1970-01-01,2099-12-31,9.4,543.1
850509,GWR,ICHEC-EC-EARTH,CLMcom-CCLM4-8-17,rcp85,r12i1p1,v1,1970-01-01,2099-12-31,0,1670.5
850509,GWR-rotation09,ICHEC-EC-EARTH,CLMcom-CCLM4-8-17,rcp85,r12i1p1,v1,1970-01-01,2099-12-31,0,1296.6
850509,LAI-rotation09,ICHEC-EC-EARTH,CLMcom-CCLM4-8-17,rcp85,r12i1p1,v1,1970-01-01,2099-12-31,0.2,12.9
850509,SL-rotation09,ICHEC-EC-EARTH,CLMcom-CCLM4-8-17,rcp85,r12i1p1,v1,1970-01-01,2099-12-31,58,361
850509,yield-rotation09,ICHEC-EC-EARTH,CLMcom-CCLM4-8-17,rcp85,r12i1p1,v1,1970-01-01,2099-12-31,0,270.959
850510,AET,ICHEC-EC-EARTH,CLMcom-CCLM4-8-17,rcp85,r12i1p1,v1,1970-01-01,2099-12-31,237.7,754.4
850510,AET-rotation10,ICHEC-EC-EARTH,CLMcom-CCLM4-8-17,rcp85,r12i1p1,v1,1970-01-01,2099-12-31,9.4,616.1
850510,GWR,ICHEC-EC-EARTH,CLMcom-CCLM4-8-17,rcp85,r12i1p1,v1,1970-01-01,2099-12-31,0,1695.1
850510,GWR-rotation10,ICHEC-EC-EARTH,CLMcom-CCLM4-8-17,rcp85,r12i1p1,v1,1970-01-01,2099-12-31,0,1446.6
850510,LAI-rotation10,ICHEC-EC-EARTH,CLMcom-CCLM4-8-17,rcp85,r12i1p1,v1,1970-01-01,2099-12-31,0.2,12.9
850510,SL-rotation10,ICHEC-EC-EARTH,CLMcom-CCLM4-8-17,rcp85,r12i1p1,v1,1970-01-01,2099-12-31,62,355
850510,yield-rotation10,ICHEC-EC-EARTH,CLMcom-CCLM4-8-17,rcp85,r12i1p1,v1,1970-01-01,2099-12-31,0,244.739
850609,AET,ICHEC-EC-EARTH,GERICS-REMO2015,rcp85,r12i1p1,v1,1970-01-01,2099-12-31,239.9,693
850609,AET-rotation09,ICHEC-EC-EARTH,GERICS-REMO2015,rcp85,r12i1p1,v1,1970-01-01,2099-12-31,8.3,552.1
850609,GWR,ICHEC-EC-EARTH,GERICS-REMO2015,rcp85,r12i1p1,v1,1970-01-01,2099-12-31,0,1417.2
850609,GWR-rotation09,ICHEC-EC-EARTH,GERICS-REMO2015,rcp85,r12i1p1,v1,1970-01-01,2099-12-31,0,1128.8
850609,LAI-rotation09,ICHEC-EC-EARTH,GERICS-REMO2015,rcp85,r12i1p1,v1,1970-01-01,2099-12-31,0.2,10.7
850609,SL-rotation09,ICHEC-EC-EARTH,GERICS-REMO2015,rcp85,r12i1p1,v1,1970-01-01,2099-12-31,64,361
850609,yield-rotation09,ICHEC-EC-EARTH,GERICS-REMO2015,rcp85,r12i1p1,v1,1970-01-01,2099-12-31,0,259.73
850610,AET,ICHEC-EC-EARTH,GERICS-REMO2015,rcp85,r12i1p1,v1,1970-01-01,2099-12-31,224.5,749.5
850610,AET-rotation10,ICHEC-EC-EARTH,GERICS-REMO2015,rcp85,r12i1p1,v1,1970-01-01,2099-12-31,8.3,598.9
850610,GWR,ICHEC-EC-EARTH,GERICS-REMO2015,rcp85,r12i1p1,v1,1970-01-01,2099-12-31,0,1402.3
850610,GWR-rotation10,ICHEC-EC-EARTH,GERICS-REMO2015,rcp85,r12i1p1,v1,1970-01-01,2099-12-31,0,1254.7
850610,LAI-rotation10,ICHEC-EC-EARTH,GERICS-REMO2015,rcp85,r12i1p1,v1,1970-01-01,2099-12-31,0.2,12.9
850610,SL-rotation10,ICHEC-EC-EARTH,GERICS-REMO2015,rcp85,r12i1p1,v1,1970-01-01,2099-12-31,65,355
850610,yield-rotation10,ICHEC-EC-EARTH,GERICS-REMO2015,rcp85,r12i1p1,v1,1970-01-01,2099-12-31,0,247.744
850709,AET,ICHEC-EC-EARTH,KNMI-RACMO22E,rcp85,r1i1p1,v1,1970-01-01,2099-12-31,218.8,685.1
850709,AET-rotation09,ICHEC-EC-EARTH,KNMI-RACMO22E,rcp85,r1i1p1,v1,1970-01-01,2099-12-31,9.1,566.2
850709,GWR,ICHEC-EC-EARTH,KNMI-RACMO22E,rcp85,r1i1p1,v1,1970-01-01,2099-12-31,0,1696.9
850709,GWR-rotation09,ICHEC-EC-EARTH,KNMI-RACMO22E,rcp85,r1i1p1,v1,1970-01-01,2099-12-31,0,1257.3
850709,LAI-rotation09,ICHEC-EC-EARTH,KNMI-RACMO22E,rcp85,r1i1p1,v1,1970-01-01,2099-12-31,0.2,9.9
850709,SL-rotation09,ICHEC-EC-EARTH,KNMI-RACMO22E,rcp85,r1i1p1,v1,1970-01-01,2099-12-31,64,361
850709,yield-rotation09,ICHEC-EC-EARTH,KNMI-RACMO22E,rcp85,r1i1p1,v1,1970-01-01,2099-12-31,0,301.528
850710,AET,ICHEC-EC-EARTH,KNMI-RACMO22E,rcp85,r1i1p1,v1,1970-01-01,2099-12-31,217.4,782.9
850710,AET-rotation10,ICHEC-EC-EARTH,KNMI-RACMO22E,rcp85,r1i1p1,v1,1970-01-01,2099-12-31,9.1,586.2
850710,GWR,ICHEC-EC-EARTH,KNMI-RACMO22E,rcp85,r1i1p1,v1,1970-01-01,2099-12-31,0,1620.4
850710,GWR-rotation10,ICHEC-EC-EARTH,KNMI-RACMO22E,rcp85,r1i1p1,v1,1970-01-01,2099-12-31,0,1228.1
850710,LAI-rotation10,ICHEC-EC-EARTH,KNMI-RACMO22E,rcp85,r1i1p1,v1,1970-01-01,2099-12-31,0.2,13.6
850710,SL-rotation10,ICHEC-EC-EARTH,KNMI-RACMO22E,rcp85,r1i1p1,v1,1970-01-01,2099-12-31,60,355
850710,yield-rotation10,ICHEC-EC-EARTH,KNMI-RACMO22E,rcp85,r1i1p1,v1,1970-01-01,2099-12-31,0,241.256
850809,AET,ICHEC-EC-EARTH,KNMI-RACMO22E,rcp85,r12i1p1,v1,1970-01-01,2099-12-31,234,684.4
850809,AET-rotation09,ICHEC-EC-EARTH,KNMI-RACMO22E,rcp85,r12i1p1,v1,1970-01-01,2099-12-31,8.2,563.3
850809,GWR,ICHEC-EC-EARTH,KNMI-RACMO22E,rcp85,r12i1p1,v1,1970-01-01,2099-12-31,0,1559.4
850809,GWR-rotation09,ICHEC-EC-EARTH,KNMI-RACMO22E,rcp85,r12i1p1,v1,1970-01-01,2099-12-31,0,1367.1
850809,LAI-rotation09,ICHEC-EC-EARTH,KNMI-RACMO22E,rcp85,r12i1p1,v1,1970-01-01,2099-12-31,0.4,10.7
850809,SL-rotation09,ICHEC-EC-EARTH,KNMI-RACMO22E,rcp85,r12i1p1,v1,1970-01-01,2099-12-31,56,361
850809,yield-rotation09,ICHEC-EC-EARTH,KNMI-RACMO22E,rcp85,r12i1p1,v1,1970-01-01,2099-12-31,0,274.656
850810,AET,ICHEC-EC-EARTH,KNMI-RACMO22E,rcp85,r12i1p1,v1,1970-01-01,2099-12-31,238.6,784
850810,AET-rotation10,ICHEC-EC-EARTH,KNMI-RACMO22E,rcp85,r12i1p1,v1,1970-01-01,2099-12-31,8.2,613.7
850810,GWR,ICHEC-EC-EARTH,KNMI-RACMO22E,rcp85,r12i1p1,v1,1970-01-01,2099-12-31,0,1569.3
850810,GWR-rotation10,ICHEC-EC-EARTH,KNMI-RACMO22E,rcp85,r12i1p1,v1,1970-01-01,2099-12-31,0,1410
850810,LAI-rotation10,ICHEC-EC-EARTH,KNMI-RACMO22E,rcp85,r12i1p1,v1,1970-01-01,2099-12-31,0.4,12.4
850810,SL-rotation10,ICHEC-EC-EARTH,KNMI-RACMO22E,rcp85,r12i1p1,v1,1970-01-01,2099-12-31,65,355
850810,yield-rotation10,ICHEC-EC-EARTH,KNMI-RACMO22E,rcp85,r12i1p1,v1,1970-01-01,2099-12-31,0,247.091
850909,AET,ICHEC-EC-EARTH,SMHI-RCA4,rcp85,r12i1p1,v1,1970-01-01,2099-12-31,197,680.7
850909,AET-rotation09,ICHEC-EC-EARTH,SMHI-RCA4,rcp85,r12i1p1,v1,1970-01-01,2099-12-31,5.6,581.1
850909,GWR,ICHEC-EC-EARTH,SMHI-RCA4,rcp85,r12i1p1,v1,1970-01-01,2099-12-31,0,1840.3
850909,GWR-rotation09,ICHEC-EC-EARTH,SMHI-RCA4,rcp85,r12i1p1,v1,1970-01-01,2099-12-31,0,1332.8
850909,LAI-rotation09,ICHEC-EC-EARTH,SMHI-RCA4,rcp85,r12i1p1,v1,1970-01-01,2099-12-31,0.4,11.2
850909,SL-rotation09,ICHEC-EC-EARTH,SMHI-RCA4,rcp85,r12i1p1,v1,1970-01-01,2099-12-31,63,361
850909,yield-rotation09,ICHEC-EC-EARTH,SMHI-RCA4,rcp85,r12i1p1,v1,1970-01-01,2099-12-31,0,284.91
850910,AET,ICHEC-EC-EARTH,SMHI-RCA4,rcp85,r12i1p1,v1,1970-01-01,2099-12-31,214.2,768.9
850910,AET-rotation10,ICHEC-EC-EARTH,SMHI-RCA4,rcp85,r12i1p1,v1,1970-01-01,2099-12-31,5.8,611.4
850910,GWR,ICHEC-EC-EARTH,SMHI-RCA4,rcp85,r12i1p1,v1,1970-01-01,2099-12-31,0,1729.7
850910,GWR-rotation10,ICHEC-EC-EARTH,SMHI-RCA4,rcp85,r12i1p1,v1,1970-01-01,2099-12-31,0,1432
850910,LAI-rotation10,ICHEC-EC-EARTH,SMHI-RCA4,rcp85,r12i1p1,v1,1970-01-01,2099-12-31,0.2,12.3
850910,SL-rotation10,ICHEC-EC-EARTH,SMHI-RCA4,rcp85,r12i1p1,v1,1970-01-01,2099-12-31,54,355
850910,yield-rotation10,ICHEC-EC-EARTH,SMHI-RCA4,rcp85,r12i1p1,v1,1970-01-01,2099-12-31,0,236.243
851009,AET,IPSL-IPSL-CM5A-MR,SMHI-RCA4,rcp85,r1i1p1,v1,1970-01-01,2099-12-31,179.8,669.3
851009,AET-rotation09,IPSL-IPSL-CM5A-MR,SMHI-RCA4,rcp85,r1i1p1,v1,1970-01-01,2099-12-31,3.2,543.4
851009,GWR,IPSL-IPSL-CM5A-MR,SMHI-RCA4,rcp85,r1i1p1,v1,1970-01-01,2099-12-31,0,1617.6
851009,GWR-rotation09,IPSL-IPSL-CM5A-MR,SMHI-RCA4,rcp85,r1i1p1,v1,1970-01-01,2099-12-31,0,1323
851009,LAI-rotation09,IPSL-IPSL-CM5A-MR,SMHI-RCA4,rcp85,r1i1p1,v1,1970-01-01,2099-12-31,0.1,11.2
851009,SL-rotation09,IPSL-IPSL-CM5A-MR,SMHI-RCA4,rcp85,r1i1p1,v1,1970-01-01,2099-12-31,52,361
851009,yield-rotation09,IPSL-IPSL-CM5A-MR,SMHI-RCA4,rcp85,r1i1p1,v1,1970-01-01,2099-12-31,0,269.036
851010,AET,IPSL-IPSL-CM5A-MR,SMHI-RCA4,rcp85,r1i1p1,v1,1970-01-01,2099-12-31,179.2,747.1
851010,AET-rotation10,IPSL-IPSL-CM5A-MR,SMHI-RCA4,rcp85,r1i1p1,v1,1970-01-01,2099-12-31,3.2,596.8
851010,GWR,IPSL-IPSL-CM5A-MR,SMHI-RCA4,rcp85,r1i1p1,v1,1970-01-01,2099-12-31,0,1659.3
851010,GWR-rotation10,IPSL-IPSL-CM5A-MR,SMHI-RCA4,rcp85,r1i1p1,v1,1970-01-01,2099-12-31,0,1264.9
851010,LAI-rotation10,IPSL-IPSL-CM5A-MR,SMHI-RCA4,rcp85,r1i1p1,v1,1970-01-01,2099-12-31,0.1,12.1
851010,SL-rotation10,IPSL-IPSL-CM5A-MR,SMHI-RCA4,rcp85,r1i1p1,v1,1970-01-01,2099-12-31,52,355
851010,yield-rotation10,IPSL-IPSL-CM5A-MR,SMHI-RCA4,rcp85,r1i1p1,v1,1970-01-01,2099-12-31,0,245.978
851109,AET,MIROC-MIROC5,GERICS-REMO2015,rcp85,r1i1p1,v1,1970-01-01,2099-12-31,214,683.1
851109,AET-rotation09,MIROC-MIROC5,GERICS-REMO2015,rcp85,r1i1p1,v1,1970-01-01,2099-12-31,6.7,541.5
851109,GWR,MIROC-MIROC5,GERICS-REMO2015,rcp85,r1i1p1,v1,1970-01-01,2099-12-31,0,1467.3
851109,GWR-rotation09,MIROC-MIROC5,GERICS-REMO2015,rcp85,r1i1p1,v1,1970-01-01,2099-12-31,0,1204
851109,LAI-rotation09,MIROC-MIROC5,GERICS-REMO2015,rcp85,r1i1p1,v1,1970-01-01,2099-12-31,0.4,10.9
851109,SL-rotation09,MIROC-MIROC5,GERICS-REMO2015,rcp85,r1i1p1,v1,1970-01-01,2099-12-31,63,361
851109,yield-rotation09,MIROC-MIROC5,GERICS-REMO2015,rcp85,r1i1p1,v1,1970-01-01,2099-12-31,0,250.771
851110,AET,MIROC-MIROC5,GERICS-REMO2015,rcp85,r1i1p1,v1,1970-01-01,2099-12-31,216.8,783.9
851110,AET-rotation10,MIROC-MIROC5,GERICS-REMO2015,rcp85,r1i1p1,v1,1970-01-01,2099-12-31,6.7,606.9
851110,GWR,MIROC-MIROC5,GERICS-REMO2015,rcp85,r1i1p1,v1,1970-01-01,2099-12-31,0,1447.9
851110,GWR-rotation10,MIROC-MIROC5,GERICS-REMO2015,rcp85,r1i1p1,v1,1970-01-01,2099-12-31,0,1377.9
851110,LAI-rotation10,MIROC-MIROC5,GERICS-REMO2015,rcp85,r1i1p1,v1,1970-01-01,2099-12-31,0.3,12.8
851110,SL-rotation10,MIROC-MIROC5,GERICS-REMO2015,rcp85,r1i1p1,v1,1970-01-01,2099-12-31,61,355
851110,yield-rotation10,MIROC-MIROC5,GERICS-REMO2015,rcp85,r1i1p1,v1,1970-01-01,2099-12-31,0,232.126
851209,AET,MOHC-HadGEM2-ES,CLMcom-CCLM4-8-17,rcp85,r1i1p1,v1,1970-01-01,2099-12-31,231.3,681.9
851209,AET-rotation09,MOHC-HadGEM2-ES,CLMcom-CCLM4-8-17,rcp85,r1i1p1,v1,1970-01-01,2099-12-31,5.4,547.4
851209,GWR,MOHC-HadGEM2-ES,CLMcom-CCLM4-8-17,rcp85,r1i1p1,v1,1970-01-01,2099-12-31,0,1602.8
851209,GWR-rotation09,MOHC-HadGEM2-ES,CLMcom-CCLM4-8-17,rcp85,r1i1p1,v1,1970-01-01,2099-12-31,0,1421.6
851209,LAI-rotation09,MOHC-HadGEM2-ES,CLMcom-CCLM4-8-17,rcp85,r1i1p1,v1,1970-01-01,2099-12-31,0.2,10.9
851209,SL-rotation09,MOHC-HadGEM2-ES,CLMcom-CCLM4-8-17,rcp85,r1i1p1,v1,1970-01-01,2099-12-31,57,361
851209,yield-rotation09,MOHC-HadGEM2-ES,CLMcom-CCLM4-8-17,rcp85,r1i1p1,v1,1970-01-01,2099-12-31,0,244.75
851210,AET,MOHC-HadGEM2-ES,CLMcom-CCLM4-8-17,rcp85,r1i1p1,v1,1970-01-01,2099-12-31,192.1,768.2
851210,AET-rotation10,MOHC-HadGEM2-ES,CLMcom-CCLM4-8-17,rcp85,r1i1p1,v1,1970-01-01,2099-12-31,5.4,588.5
851210,GWR,MOHC-HadGEM2-ES,CLMcom-CCLM4-8-17,rcp85,r1i1p1,v1,1970-01-01,2099-12-31,0,1590.6
851210,GWR-rotation10,MOHC-HadGEM2-ES,CLMcom-CCLM4-8-17,rcp85,r1i1p1,v1,1970-01-01,2099-12-31,0,1362.9
851210,LAI-rotation10,MOHC-HadGEM2-ES,CLMcom-CCLM4-8-17,rcp85,r1i1p1,v1,1970-01-01,2099-12-31,0.1,12.2
851210,SL-rotation10,MOHC-HadGEM2-ES,CLMcom-CCLM4-8-17,rcp85,r1i1p1,v1,1970-01-01,2099-12-31,50,355
851210,yield-rotation10,MOHC-HadGEM2-ES,CLMcom-CCLM4-8-17,rcp85,r1i1p1,v1,1970-01-01,2099-12-31,0,225.372
851309,AET,MOHC-HadGEM2-ES,GERICS-REMO2015,rcp85,r1i1p1,v1,1970-01-01,2099-12-31,225.9,705.5
851309,AET-rotation09,MOHC-HadGEM2-ES,GERICS-REMO2015,rcp85,r1i1p1,v1,1970-01-01,2099-12-31,5.8,577.1
851309,GWR,MOHC-HadGEM2-ES,GERICS-REMO2015,rcp85,r1i1p1,v1,1970-01-01,2099-12-31,0,1471
851309,GWR-rotation09,MOHC-HadGEM2-ES,GERICS-REMO2015,rcp85,r1i1p1,v1,1970-01-01,2099-12-31,0,1280.8
851309,LAI-rotation09,MOHC-HadGEM2-ES,GERICS-REMO2015,rcp85,r1i1p1,v1,1970-01-01,2099-12-31,0.3,11
851309,SL-rotation09,MOHC-HadGEM2-ES,GERICS-REMO2015,rcp85,r1i1p1,v1,1970-01-01,2099-12-31,59,361
851309,yield-rotation09,MOHC-HadGEM2-ES,GERICS-REMO2015,rcp85,r1i1p1,v1,1970-01-01,2099-12-31,0,245.055
851310,AET,MOHC-HadGEM2-ES,GERICS-REMO2015,rcp85,r1i1p1,v1,1970-01-01,2099-12-31,225.5,768.7
851310,AET-rotation10,MOHC-HadGEM2-ES,GERICS-REMO2015,rcp85,r1i1p1,v1,1970-01-01,2099-12-31,5.8,618.3
851310,GWR,MOHC-HadGEM2-ES,GERICS-REMO2015,rcp85,r1i1p1,v1,1970-01-01,2099-12-31,0,1449
851310,GWR-rotation10,MOHC-HadGEM2-ES,GERICS-REMO2015,rcp85,r1i1p1,v1,1970-01-01,2099-12-31,0,1256.7
851310,LAI-rotation10,MOHC-HadGEM2-ES,GERICS-REMO2015,rcp85,r1i1p1,v1,1970-01-01,2099-12-31,0.2,12.9
851310,SL-rotation10,MOHC-HadGEM2-ES,GERICS-REMO2015,rcp85,r1i1p1,v1,1970-01-01,2099-12-31,59,355
851310,yield-rotation10,MOHC-HadGEM2-ES,GERICS-REMO2015,rcp85,r1i1p1,v1,1970-01-01,2099-12-31,0,237.774
851409,AET,MOHC-HadGEM2-ES,SMHI-RCA4,rcp85,r1i1p1,v1,1970-01-01,2099-12-31,197.1,687.7
851409,AET-rotation09,MOHC-HadGEM2-ES,SMHI-RCA4,rcp85,r1i1p1,v1,1970-01-01,2099-12-31,6.5,556.4
851409,GWR,MOHC-HadGEM2-ES,SMHI-RCA4,rcp85,r1i1p1,v1,1970-01-01,2099-12-31,0,1565.9
851409,GWR-rotation09,MOHC-HadGEM2-ES,SMHI-RCA4,rcp85,r1i1p1,v1,1970-01-01,2099-12-31,0,1346.5
851409,LAI-rotation09,MOHC-HadGEM2-ES,SMHI-RCA4,rcp85,r1i1p1,v1,1970-01-01,2099-12-31,0.3,11.8
851409,SL-rotation09,MOHC-HadGEM2-ES,SMHI-RCA4,rcp85,r1i1p1,v1,1970-01-01,2099-12-31,56,361
851409,yield-rotation09,MOHC-HadGEM2-ES,SMHI-RCA4,rcp85,r1i1p1,v1,1970-01-01,2099-12-31,0,276.039
851410,AET,MOHC-HadGEM2-ES,SMHI-RCA4,rcp85,r1i1p1,v1,1970-01-01,2099-12-31,215.3,765.9
851410,AET-rotation10,MOHC-HadGEM2-ES,SMHI-RCA4,rcp85,r1i1p1,v1,1970-01-01,2099-12-31,6.5,615.9
851410,GWR,MOHC-HadGEM2-ES,SMHI-RCA4,rcp85,r1i1p1,v1,1970-01-01,2099-12-31,0,1689.5
851410,GWR-rotation10,MOHC-HadGEM2-ES,SMHI-RCA4,rcp85,r1i1p1,v1,1970-01-01,2099-12-31,0,1354.6
851410,LAI-rotation10,MOHC-HadGEM2-ES,SMHI-RCA4,rcp85,r1i1p1,v1,1970-01-01,2099-12-31,0.3,12.6
851410,SL-rotation10,MOHC-HadGEM2-ES,SMHI-RCA4,rcp85,r1i1p1,v1,1970-01-01,2099-12-31,56,355
851410,yield-rotation10,MOHC-HadGEM2-ES,SMHI-RCA4,rcp85,r1i1p1,v1,1970-01-01,2099-12-31,0,242.158
851509,AET,MOHC-HadGEM2-ES,UHOH-WRF361H,rcp85,r1i1p1,v1,1970-01-01,2099-12-31,228.7,682.2
851509,AET-rotation09,MOHC-HadGEM2-ES,UHOH-WRF361H,rcp85,r1i1p1,v1,1970-01-01,2099-12-31,8.2,556
851509,GWR,MOHC-HadGEM2-ES,UHOH-WRF361H,rcp85,r1i1p1,v1,1970-01-01,2099-12-31,0,1482.2
851509,GWR-rotation09,MOHC-HadGEM2-ES,UHOH-WRF361H,rcp85,r1i1p1,v1,1970-01-01,2099-12-31,0,1171.9
851509,LAI-rotation09,MOHC-HadGEM2-ES,UHOH-WRF361H,rcp85,r1i1p1,v1,1970-01-01,2099-12-31,0.3,13.3
851509,SL-rotation09,MOHC-HadGEM2-ES,UHOH-WRF361H,rcp85,r1i1p1,v1,1970-01-01,2099-12-31,61,361
851509,yield-rotation09,MOHC-HadGEM2-ES,UHOH-WRF361H,rcp85,r1i1p1,v1,1970-01-01,2099-12-31,0,256.477
851510,AET,MOHC-HadGEM2-ES,UHOH-WRF361H,rcp85,r1i1p1,v1,1970-01-01,2099-12-31,217.7,787.3
851510,AET-rotation10,MOHC-HadGEM2-ES,UHOH-WRF361H,rcp85,r1i1p1,v1,1970-01-01,2099-12-31,8.2,602.5
851510,GWR,MOHC-HadGEM2-ES,UHOH-WRF361H,rcp85,r1i1p1,v1,1970-01-01,2099-12-31,0,1586.8
851510,GWR-rotation10,MOHC-HadGEM2-ES,UHOH-WRF361H,rcp85,r1i1p1,v1,1970-01-01,2099-12-31,0,1296.7
851510,LAI-rotation10,MOHC-HadGEM2-ES,UHOH-WRF361H,rcp85,r1i1p1,v1,1970-01-01,2099-12-31,0.2,12.8
851510,SL-rotation10,MOHC-HadGEM2-ES,UHOH-WRF361H,rcp85,r1i1p1,v1,1970-01-01,2099-12-31,59,355
851510,yield-rotation10,MOHC-HadGEM2-ES,UHOH-WRF361H,rcp85,r1i1p1,v1,1970-01-01,2099-12-31,0,228.596
851609,AET,MPI-M-MPI-ESM-LR,CLMcom-CCLM4-8-17,rcp85,r1i1p1,v1,1970-01-01,2099-12-31,233.7,657
851609,AET-rotation09,MPI-M-MPI-ESM-LR,CLMcom-CCLM4-8-17,rcp85,r1i1p1,v1,1970-01-01,2099-12-31,7,538.7
851609,GWR,MPI-M-MPI-ESM-LR,CLMcom-CCLM4-8-17,rcp85,r1i1p1,v1,1970-01-01,2099-12-31,0,1869.3
851609,GWR-rotation09,MPI-M-MPI-ESM-LR,CLMcom-CCLM4-8-17,rcp85,r1i1p1,v1,1970-01-01,2099-12-31,0,1326.3
851609,LAI-rotation09,MPI-M-MPI-ESM-LR,CLMcom-CCLM4-8-17,rcp85,r1i1p1,v1,1970-01-01,2099-12-31,0.4,11.9
851609,SL-rotation09,MPI-M-MPI-ESM-LR,CLMcom-CCLM4-8-17,rcp85,r1i1p1,v1,1970-01-01,2099-12-31,64,361
851609,yield-rotation09,MPI-M-MPI-ESM-LR,CLMcom-CCLM4-8-17,rcp85,r1i1p1,v1,1970-01-01,2099-12-31,0,249.622
851610,AET,MPI-M-MPI-ESM-LR,CLMcom-CCLM4-8-17,rcp85,r1i1p1,v1,1970-01-01,2099-12-31,214.6,746.2
851610,AET-rotation10,MPI-M-MPI-ESM-LR,CLMcom-CCLM4-8-17,rcp85,r1i1p1,v1,1970-01-01,2099-12-31,7,622.9
851610,GWR,MPI-M-MPI-ESM-LR,CLMcom-CCLM4-8-17,rcp85,r1i1p1,v1,1970-01-01,2099-12-31,0,1941.9
851610,GWR-rotation10,MPI-M-MPI-ESM-LR,CLMcom-CCLM4-8-17,rcp85,r1i1p1,v1,1970-01-01,2099-12-31,0,1336.8
851610,LAI-rotation10,MPI-M-MPI-ESM-LR,CLMcom-CCLM4-8-17,rcp85,r1i1p1,v1,1970-01-01,2099-12-31,0.5,12.6
851610,SL-rotation10,MPI-M-MPI-ESM-LR,CLMcom-CCLM4-8-17,rcp85,r1i1p1,v1,1970-01-01,2099-12-31,64,355
851610,yield-rotation10,MPI-M-MPI-ESM-LR,CLMcom-CCLM4-8-17,rcp85,r1i1p1,v1,1970-01-01,2099-12-31,0,236.129
851709,AET,MPI-M-MPI-ESM-LR,MPI-CSC-REMO2009,rcp85,r1i1p1,v1,1970-01-01,2099-12-31,194.2,670.9
851709,AET-rotation09,MPI-M-MPI-ESM-LR,MPI-CSC-REMO2009,rcp85,r1i1p1,v1,1970-01-01,2099-12-31,4.7,556.8
851709,GWR,MPI-M-MPI-ESM-LR,MPI-CSC-REMO2009,rcp85,r1i1p1,v1,1970-01-01,2099-12-31,0,1878.8
851709,GWR-rotation09,MPI-M-MPI-ESM-LR,MPI-CSC-REMO2009,rcp85,r1i1p1,v1,1970-01-01,2099-12-31,0,1285.1
851709,LAI-rotation09,MPI-M-MPI-ESM-LR,MPI-CSC-REMO2009,rcp85,r1i1p1,v1,1970-01-01,2099-12-31,0.3,11.5
851709,SL-rotation09,MPI-M-MPI-ESM-LR,MPI-CSC-REMO2009,rcp85,r1i1p1,v1,1970-01-01,2099-12-31,68,361
851709,yield-rotation09,MPI-M-MPI-ESM-LR,MPI-CSC-REMO2009,rcp85,r1i1p1,v1,1970-01-01,2099-12-31,0,251.591
851710,AET,MPI-M-MPI-ESM-LR,MPI-CSC-REMO2009,rcp85,r1i1p1,v1,1970-01-01,2099-12-31,211.4,738
851710,AET-rotation10,MPI-M-MPI-ESM-LR,MPI-CSC-REMO2009,rcp85,r1i1p1,v1,1970-01-01,2099-12-31,4.7,603.3
851710,GWR,MPI-M-MPI-ESM-LR,MPI-CSC-REMO2009,rcp85,r1i1p1,v1,1970-01-01,2099-12-31,0,1784.3
851710,GWR-rotation10,MPI-M-MPI-ESM-LR,MPI-CSC-REMO2009,rcp85,r1i1p1,v1,1970-01-01,2099-12-31,0,1362.4
851710,LAI-rotation10,MPI-M-MPI-ESM-LR,MPI-CSC-REMO2009,rcp85,r1i1p1,v1,1970-01-01,2099-12-31,0.3,13.1
851710,SL-rotation10,MPI-M-MPI-ESM-LR,MPI-CSC-REMO2009,rcp85,r1i1p1,v1,1970-01-01,2099-12-31,63,355
851710,yield-rotation10,MPI-M-MPI-ESM-LR,MPI-CSC-REMO2009,rcp85,r1i1p1,v1,1970-01-01,2099-12-31,0,232.76
851809,AET,MPI-M-MPI-ESM-LR,MPI-CSC-REMO2009,rcp85,r2i1p1,v1,1970-01-01,2099-12-31,191.8,652.4
851809,AET-rotation09,MPI-M-MPI-ESM-LR,MPI-CSC-REMO2009,rcp85,r2i1p1,v1,1970-01-01,2099-12-31,3.8,559.4
851809,GWR,MPI-M-MPI-ESM-LR,MPI-CSC-REMO2009,rcp85,r2i1p1,v1,1970-01-01,2099-12-31,0,1394.1
851809,GWR-rotation09,MPI-M-MPI-ESM-LR,MPI-CSC-REMO2009,rcp85,r2i1p1,v1,1970-01-01,2099-12-31,0,1380
851809,LAI-rotation09,MPI-M-MPI-ESM-LR,MPI-CSC-REMO2009,rcp85,r2i1p1,v1,1970-01-01,2099-12-31,0.1,10.3
851809,SL-rotation09,MPI-M-MPI-ESM-LR,MPI-CSC-REMO2009,rcp85,r2i1p1,v1,1970-01-01,2099-12-31,52,361
851809,yield-rotation09,MPI-M-MPI-ESM-LR,MPI-CSC-REMO2009,rcp85,r2i1p1,v1,1970-01-01,2099-12-31,0,249.517
851810,AET,MPI-M-MPI-ESM-LR,MPI-CSC-REMO2009,rcp85,r2i1p1,v1,1970-01-01,2099-12-31,211.5,758.7
851810,AET-rotation10,MPI-M-MPI-ESM-LR,MPI-CSC-REMO2009,rcp85,r2i1p1,v1,1970-01-01,2099-12-31,3.8,579.3
851810,GWR,MPI-M-MPI-ESM-LR,MPI-CSC-REMO2009,rcp85,r2i1p1,v1,1970-01-01,2099-12-31,0,1499.2
851810,GWR-rotation10,MPI-M-MPI-ESM-LR,MPI-CSC-REMO2009,rcp85,r2i1p1,v1,1970-01-01,2099-12-31,0,1273.8
851810,LAI-rotation10,MPI-M-MPI-ESM-LR,MPI-CSC-REMO2009,rcp85,r2i1p1,v1,1970-01-01,2099-12-31,0.1,12.3
851810,SL-rotation10,MPI-M-MPI-ESM-LR,MPI-CSC-REMO2009,rcp85,r2i1p1,v1,1970-01-01,2099-12-31,52,355
851810,yield-rotation10,MPI-M-MPI-ESM-LR,MPI-CSC-REMO2009,rcp85,r2i1p1,v1,1970-01-01,2099-12-31,0,244.589
851909,AET,MPI-M-MPI-ESM-LR,SMHI-RCA4,rcp85,r1i1p1,v1a,1970-01-01,2099-12-31,204.3,690.8
851909,AET-rotation09,MPI-M-MPI-ESM-LR,SMHI-RCA4,rcp85,r1i1p1,v1a,1970-01-01,2099-12-31,5.8,578.5
851909,GWR,MPI-M-MPI-ESM-LR,SMHI-RCA4,rcp85,r1i1p1,v1a,1970-01-01,2099-12-31,0,1553.5
851909,GWR-rotation09,MPI-M-MPI-ESM-LR,SMHI-RCA4,rcp85,r1i1p1,v1a,1970-01-01,2099-12-31,0,1286.5
851909,LAI-rotation09,MPI-M-MPI-ESM-LR,SMHI-RCA4,rcp85,r1i1p1,v1a,1970-01-01,2099-12-31,0.3,12.6
851909,SL-rotation09,MPI-M-MPI-ESM-LR,SMHI-RCA4,rcp85,r1i1p1,v1a,1970-01-01,2099-12-31,61,361
851909,yield-rotation09,MPI-M-MPI-ESM-LR,SMHI-RCA4,rcp85,r1i1p1,v1a,1970-01-01,2099-12-31,0,251.769
851910,AET,MPI-M-MPI-ESM-LR,SMHI-RCA4,rcp85,r1i1p1,v1a,1970-01-01,2099-12-31,217.2,754.3
851910,AET-rotation10,MPI-M-MPI-ESM-LR,SMHI-RCA4,rcp85,r1i1p1,v1a,1970-01-01,2099-12-31,5.8,609.2
851910,GWR,MPI-M-MPI-ESM-LR,SMHI-RCA4,rcp85,r1i1p1,v1a,1970-01-01,2099-12-31,0,1549.7
851910,GWR-rotation10,MPI-M-MPI-ESM-LR,SMHI-RCA4,rcp85,r1i1p1,v1a,1970-01-01,2099-12-31,0,1289.5
851910,LAI-rotation10,MPI-M-MPI-ESM-LR,SMHI-RCA4,rcp85,r1i1p1,v1a,1970-01-01,2099-12-31,0.3,12.7
851910,SL-rotation10,MPI-M-MPI-ESM-LR,SMHI-RCA4,rcp85,r1i1p1,v1a,1970-01-01,2099-12-31,64,355
851910,yield-rotation10,MPI-M-MPI-ESM-LR,SMHI-RCA4,rcp85,r1i1p1,v1a,1970-01-01,2099-12-31,0,264.766
852009,AET,MPI-M-MPI-ESM-LR,UHOH-WRF361H,rcp85,r1i1p1,v1,1970-01-01,2099-12-31,203.2,653.3
852009,AET-rotation09,MPI-M-MPI-ESM-LR,UHOH-WRF361H,rcp85,r1i1p1,v1,1970-01-01,2099-12-31,4.8,545.4
852009,GWR,MPI-M-MPI-ESM-LR,UHOH-WRF361H,rcp85,r1i1p1,v1,1970-01-01,2099-12-31,0,1574.5
852009,GWR-rotation09,MPI-M-MPI-ESM-LR,UHOH-WRF361H,rcp85,r1i1p1,v1,1970-01-01,2099-12-31,0,1276.8
852009,LAI-rotation09,MPI-M-MPI-ESM-LR,UHOH-WRF361H,rcp85,r1i1p1,v1,1970-01-01,2099-12-31,0.3,13.9
852009,SL-rotation09,MPI-M-MPI-ESM-LR,UHOH-WRF361H,rcp85,r1i1p1,v1,1970-01-01,2099-12-31,69,361
852009,yield-rotation09,MPI-M-MPI-ESM-LR,UHOH-WRF361H,rcp85,r1i1p1,v1,1970-01-01,2099-12-31,0,243.99
852010,AET,MPI-M-MPI-ESM-LR,UHOH-WRF361H,rcp85,r1i1p1,v1,1970-01-01,2099-12-31,212.8,752
852010,AET-rotation10,MPI-M-MPI-ESM-LR,UHOH-WRF361H,rcp85,r1i1p1,v1,1970-01-01,2099-12-31,4.8,607
852010,GWR,MPI-M-MPI-ESM-LR,UHOH-WRF361H,rcp85,r1i1p1,v1,1970-01-01,2099-12-31,0,1561
852010,GWR-rotation10,MPI-M-MPI-ESM-LR,UHOH-WRF361H,rcp85,r1i1p1,v1,1970-01-01,2099-12-31,0,1205.3
852010,LAI-rotation10,MPI-M-MPI-ESM-LR,UHOH-WRF361H,rcp85,r1i1p1,v1,1970-01-01,2099-12-31,0.2,13.9
852010,SL-rotation10,MPI-M-MPI-ESM-LR,UHOH-WRF361H,rcp85,r1i1p1,v1,1970-01-01,2099-12-31,65,355
852010,yield-rotation10,MPI-M-MPI-ESM-LR,UHOH-WRF361H,rcp85,r1i1p1,v1,1970-01-01,2099-12-31,0,231.935
